time,value
2024-09-02T14:50:28.535004007Z,0.0287017822265625
2024-09-02T14:50:29.581562804Z,0.0302734375
2024-09-02T14:50:30.557995079Z,0.0298309326171875
2024-09-02T14:50:31.602600069Z,0.0293731689453125
2024-09-02T14:50:32.585668758Z,0.0288848876953125
2024-09-02T14:50:33.801117215Z,0.0285491943359375
2024-09-02T14:50:34.555293876Z,0.0287933349609375
2024-09-02T14:50:35.705169068Z,0.0307464599609375
2024-09-02T14:50:38.29689662Z,0.0301971435546875
2024-09-02T14:50:38.299162556Z,0.0295257568359375
2024-09-02T14:50:38.620154012Z,0.0302886962890625
2024-09-02T14:50:41.132657089Z,0.0292816162109375
2024-09-02T14:50:41.134574817Z,0.0292205810546875
2024-09-02T14:50:41.770519709Z,0.0295257568359375
2024-09-02T14:50:42.821130368Z,0.0323486328125
2024-09-02T14:50:44.039443147Z,0.0317230224609375
2024-09-02T14:50:44.806007511Z,0.0335540771484375
2024-09-02T14:50:45.751836447Z,0.0318756103515625
2024-09-02T14:50:46.691963452Z,0.0323333740234375
2024-09-02T14:50:47.978920704Z,0.030609130859375
2024-09-02T14:50:48.809886542Z,0.0308685302734375
2024-09-02T14:50:49.791004658Z,0.0311279296875
2024-09-02T14:50:50.810897138Z,0.030364990234375
2024-09-02T14:50:51.785539272Z,0.0304107666015625
2024-09-02T14:50:52.772946086Z,0.029144287109375
2024-09-02T14:50:53.753212544Z,0.0271453857421875
2024-09-02T14:50:54.922220896Z,0.029449462890625
2024-09-02T14:50:55.794228138Z,0.029754638671875
2024-09-02T14:50:56.827933564Z,0.0303955078125
2024-09-02T14:50:57.829061673Z,0.0303802490234375
2024-09-02T14:50:58.872905816Z,0.030487060546875
2024-09-02T14:51:02.022857091Z,0.03045654296875
2024-09-02T14:51:02.54654881Z,0.029510498046875
2024-09-02T14:51:02.853849419Z,0.0314483642578125
2024-09-02T14:51:03.038792064Z,0.0311431884765625
2024-09-02T14:51:03.895983504Z,0.0298919677734375
2024-09-02T14:51:05.073795797Z,0.030609130859375
2024-09-02T14:51:05.939159986Z,0.0324249267578125
2024-09-02T14:51:06.930230205Z,0.0322723388671875
2024-09-02T14:51:07.9578048Z,0.0295257568359375
2024-09-02T14:51:08.933851777Z,0.030426025390625
2024-09-02T14:51:09.949230769Z,0.0302581787109375
2024-09-02T14:51:10.956856501Z,0.029083251953125
2024-09-02T14:51:11.971095659Z,0.0303955078125
2024-09-02T14:51:13.024936551Z,0.0311126708984375
2024-09-02T14:51:13.976963159Z,0.0326385498046875
2024-09-02T14:51:15.024960916Z,0.031005859375
2024-09-02T14:51:16.023195184Z,0.0295257568359375
2024-09-02T14:51:17.028168249Z,0.0296783447265625
2024-09-02T14:51:18.015353028Z,0.030609130859375
2024-09-02T14:51:19.015170982Z,0.0308837890625
2024-09-02T14:51:20.026926361Z,0.031890869140625
2024-09-02T14:51:21.038002821Z,0.0316162109375
2024-09-02T14:51:21.992274597Z,0.0308837890625
2024-09-02T14:51:23.054020514Z,0.032989501953125
2024-09-02T14:51:24.060932293Z,0.0316925048828125
2024-09-02T14:51:25.033626211Z,0.0303192138671875
2024-09-02T14:51:26.03823462Z,0.03277587890625
2024-09-02T14:51:27.043130357Z,0.0306243896484375
2024-09-02T14:51:28.220176162Z,0.03131103515625
2024-09-02T14:51:29.046206481Z,0.0317230224609375
2024-09-02T14:51:30.055684858Z,0.028900146484375
2024-09-02T14:51:31.067964248Z,0.030426025390625
2024-09-02T14:51:32.104490878Z,0.0299072265625
2024-09-02T14:51:33.127049717Z,0.03106689453125
2024-09-02T14:51:34.091222553Z,0.0306243896484375
2024-09-02T14:51:35.101159426Z,0.03302001953125
2024-09-02T14:51:36.096442599Z,0.0328826904296875
2024-09-02T14:51:37.093078165Z,0.0306396484375
2024-09-02T14:51:38.073411635Z,0.031951904296875
2024-09-02T14:51:39.089002526Z,0.0306396484375
2024-09-02T14:51:40.21238543Z,0.0324554443359375
2024-09-02T14:51:41.052114658Z,0.032012939453125
2024-09-02T14:51:42.156974244Z,0.0306854248046875
2024-09-02T14:51:43.615990375Z,0.030914306640625
2024-09-02T14:51:46.700946675Z,0.031280517578125
2024-09-02T14:51:46.702928511Z,0.031494140625
2024-09-02T14:51:46.704960926Z,0.031036376953125
2024-09-02T14:51:47.315558586Z,0.0291595458984375
2024-09-02T14:51:48.059040121Z,0.0310211181640625
2024-09-02T14:51:49.050950424Z,0.0320281982421875
2024-09-02T14:51:50.08897042Z,0.031829833984375
2024-09-02T14:51:51.063969673Z,0.030426025390625
2024-09-02T14:51:52.052505171Z,0.03271484375
2024-09-02T14:51:53.070184523Z,0.0334625244140625
2024-09-02T14:51:54.058879389Z,0.0334625244140625
2024-09-02T14:51:55.065557569Z,0.030426025390625
2024-09-02T14:51:56.061945675Z,0.02923583984375
2024-09-02T14:51:57.088045783Z,0.0317535400390625
2024-09-02T14:51:58.128813856Z,0.02978515625
2024-09-02T14:51:59.322622746Z,0.033599853515625
2024-09-02T14:52:00.104373222Z,0.03070068359375
2024-09-02T14:52:01.11411468Z,0.0299072265625
2024-09-02T14:52:02.125257805Z,0.032379150390625
2024-09-02T14:52:03.126966395Z,0.031951904296875
2024-09-02T14:52:04.119293193Z,0.032196044921875
2024-09-02T14:52:05.176228085Z,0.03106689453125
2024-09-02T14:52:06.38686988Z,0.0306549072265625
2024-09-02T14:52:08.491953805Z,0.031005859375
2024-09-02T14:52:09.25700114Z,0.0323333740234375
2024-09-02T14:52:09.316848087Z,0.0299835205078125
2024-09-02T14:52:10.455023942Z,0.030548095703125
2024-09-02T14:52:11.199162838Z,0.0297393798828125
2024-09-02T14:52:17.163129847Z,0.0298309326171875
2024-09-02T14:52:17.165249275Z,0.0305938720703125
2024-09-02T14:52:17.167249927Z,0.0306396484375
2024-09-02T14:52:17.510032555Z,0.0327606201171875
2024-09-02T14:52:17.864301188Z,0.03155517578125
2024-09-02T14:52:17.882446792Z,0.0309295654296875
2024-09-02T14:52:18.27933101Z,0.032470703125
2024-09-02T14:52:19.324013609Z,0.030029296875
2024-09-02T14:52:20.311111301Z,0.029327392578125
2024-09-02T14:52:21.356276869Z,0.0312042236328125
2024-09-02T14:52:22.32166485Z,0.029388427734375
2024-09-02T14:52:23.298005533Z,0.0316619873046875
2024-09-02T14:52:24.353916218Z,0.031005859375
2024-09-02T14:52:25.449920106Z,0.0319366455078125
2024-09-02T14:52:26.411358605Z,0.031768798828125
2024-09-02T14:52:27.399247064Z,0.0290069580078125
2024-09-02T14:52:28.38592133Z,0.029327392578125
2024-09-02T14:52:29.478036834Z,0.0312652587890625
2024-09-02T14:52:30.43424744Z,0.0297698974609375
2024-09-02T14:52:31.421872441Z,0.032379150390625
2024-09-02T14:52:33.615818547Z,0.032318115234375
2024-09-02T14:52:35.196039238Z,0.027587890625
2024-09-02T14:52:36.975818731Z,0.0334930419921875
2024-09-02T14:52:37.820512063Z,0.03192138671875
2024-09-02T14:52:37.970207754Z,0.031463623046875
2024-09-02T14:52:39.236207017Z,0.0320587158203125
2024-09-02T14:52:40.637175068Z,0.0304107666015625
2024-09-02T14:52:41.922174394Z,0.03125
2024-09-02T14:52:42.07701997Z,0.0317230224609375
2024-09-02T14:52:43.059131195Z,0.03204345703125
2024-09-02T14:52:43.36115634Z,0.03204345703125
2024-09-02T14:52:43.643331072Z,0.0301055908203125
2024-09-02T14:52:44.57241224Z,0.0301055908203125
2024-09-02T14:52:45.8762758Z,0.031402587890625
2024-09-02T14:52:46.580796117Z,0.0301055908203125
2024-09-02T14:52:47.672992687Z,0.0302734375
2024-09-02T14:52:48.850882758Z,0.031768798828125
2024-09-02T14:52:49.633001024Z,0.030517578125
2024-09-02T14:52:50.571860882Z,0.0302581787109375
2024-09-02T14:52:51.699178119Z,0.0311431884765625
2024-09-02T14:52:52.58188125Z,0.029022216796875
2024-09-02T14:52:53.809956763Z,0.03118896484375
2024-09-02T14:52:54.871600361Z,0.0291290283203125
2024-09-02T14:52:55.601762944Z,0.0296630859375
2024-09-02T14:52:56.658949827Z,0.0294342041015625
2024-09-02T14:52:57.622827361Z,0.03094482421875
2024-09-02T14:52:58.632792848Z,0.029876708984375
2024-09-02T14:52:59.632020098Z,0.0307769775390625
2024-09-02T14:53:00.638038629Z,0.0320587158203125
2024-09-02T14:53:01.649883888Z,0.029998779296875
2024-09-02T14:53:02.65328677Z,0.031494140625
2024-09-02T14:53:03.636076629Z,0.031494140625
2024-09-02T14:53:04.657525839Z,0.030120849609375
2024-09-02T14:53:05.677148265Z,0.0313873291015625
2024-09-02T14:53:06.727923804Z,0.030975341796875
2024-09-02T14:53:07.720878278Z,0.0306396484375
2024-09-02T14:53:08.702128913Z,0.03045654296875
2024-09-02T14:53:09.715007999Z,0.0312957763671875
2024-09-02T14:53:10.720113316Z,0.0303497314453125
2024-09-02T14:53:11.767073471Z,0.031005859375
2024-09-02T14:53:12.723150521Z,0.031890869140625
2024-09-02T14:53:13.752915119Z,0.0313873291015625
2024-09-02T14:53:14.768914382Z,0.0309906005859375
2024-09-02T14:53:16.510622602Z,0.029937744140625
2024-09-02T14:53:17.884941334Z,0.0313262939453125
2024-09-02T14:53:19.032131194Z,0.030853271484375
2024-09-02T14:53:19.350938528Z,0.029815673828125
2024-09-02T14:53:20.601861567Z,0.0305633544921875
2024-09-02T14:53:20.912707968Z,0.0312347412109375
2024-09-02T14:53:21.814073371Z,0.03045654296875
2024-09-02T14:53:22.840955322Z,0.030670166015625
2024-09-02T14:53:23.896446793Z,0.0297698974609375
2024-09-02T14:53:24.971070361Z,0.0313873291015625
2024-09-02T14:53:25.902911268Z,0.029388427734375
2024-09-02T14:53:26.909186993Z,0.0312652587890625
2024-09-02T14:53:27.893776656Z,0.0303497314453125
2024-09-02T14:53:28.94217959Z,0.0320892333984375
2024-09-02T14:53:29.939294395Z,0.03179931640625
2024-09-02T14:53:30.964399913Z,0.0284881591796875
2024-09-02T14:53:31.960202963Z,0.0307464599609375
2024-09-02T14:53:32.945704032Z,0.0311279296875
2024-09-02T14:53:33.988071735Z,0.0325469970703125
2024-09-02T14:53:34.975935351Z,0.0296173095703125
2024-09-02T14:53:35.999042964Z,0.0325469970703125
2024-09-02T14:53:37.026978505Z,0.032470703125
2024-09-02T14:53:38.020254341Z,0.0307159423828125
2024-09-02T14:53:39.031097262Z,0.030792236328125
2024-09-02T14:53:40.036181291Z,0.030426025390625
2024-09-02T14:53:41.044012871Z,0.03155517578125
2024-09-02T14:53:42.079071355Z,0.030670166015625
2024-09-02T14:53:43.063082883Z,0.0302276611328125
2024-09-02T14:53:44.111935734Z,0.03021240234375
2024-09-02T14:53:45.108921644Z,0.03143310546875
2024-09-02T14:53:46.107877374Z,0.0288238525390625
2024-09-02T14:53:47.143974056Z,0.029937744140625
2024-09-02T14:53:48.097932242Z,0.031036376953125
2024-09-02T14:53:49.138894368Z,0.031768798828125
2024-09-02T14:53:50.156785798Z,0.0292816162109375
2024-09-02T14:53:51.172806256Z,0.030426025390625
2024-09-02T14:53:52.159305382Z,0.029083251953125
2024-09-02T14:53:53.449148007Z,0.0312652587890625
2024-09-02T14:53:54.196214436Z,0.0335845947265625
2024-09-02T14:53:55.162184468Z,0.0308380126953125
2024-09-02T14:53:56.181113063Z,0.0326690673828125
2024-09-02T14:53:57.220787408Z,0.0318450927734375
2024-09-02T14:53:58.218106429Z,0.0293426513671875
2024-09-02T14:53:59.220675012Z,0.0302886962890625
2024-09-02T14:54:00.20495438Z,0.03118896484375
2024-09-02T14:54:01.230875774Z,0.03118896484375
2024-09-02T14:54:02.241223454Z,0.032257080078125
2024-09-02T14:54:03.252167745Z,0.0296173095703125
2024-09-02T14:54:04.269183384Z,0.0313873291015625
2024-09-02T14:54:05.289350127Z,0.0316009521484375
2024-09-02T14:54:06.26319842Z,0.03179931640625
2024-09-02T14:54:07.266101163Z,0.0310516357421875
2024-09-02T14:54:08.313078266Z,0.0321197509765625
2024-09-02T14:54:09.318058036Z,0.0313720703125
2024-09-02T14:54:10.310647794Z,0.0317840576171875
2024-09-02T14:54:11.316255969Z,0.0305023193359375
2024-09-02T14:54:12.353893566Z,0.0298309326171875
2024-09-02T14:54:13.331053516Z,0.03131103515625
2024-09-02T14:54:14.379049254Z,0.03118896484375
2024-09-02T14:54:15.376932084Z,0.0301513671875
2024-09-02T14:54:16.475003086Z,0.0285797119140625
2024-09-02T14:54:17.434048088Z,0.03143310546875
2024-09-02T14:54:18.407853169Z,0.0303497314453125
2024-09-02T14:54:19.389089909Z,0.0305633544921875
2024-09-02T14:54:20.383672059Z,0.0304107666015625
2024-09-02T14:54:21.43215767Z,0.0307159423828125
2024-09-02T14:54:22.412203882Z,0.029998779296875
2024-09-02T14:54:23.441152167Z,0.031158447265625
2024-09-02T14:54:24.4420947Z,0.029937744140625
2024-09-02T14:54:25.442260792Z,0.0308837890625
2024-09-02T14:54:26.480011821Z,0.0325164794921875
2024-09-02T14:54:27.472044227Z,0.0303192138671875
2024-09-02T14:54:28.462088234Z,0.03192138671875
2024-09-02T14:54:29.502193992Z,0.0307464599609375
2024-09-02T14:54:30.501298114Z,0.0304412841796875
2024-09-02T14:54:31.499130204Z,0.0323333740234375
2024-09-02T14:54:32.529993965Z,0.0303497314453125
2024-09-02T14:54:33.512206267Z,0.03173828125
2024-09-02T14:54:34.521073674Z,0.0320587158203125
2024-09-02T14:54:35.521874044Z,0.0288238525390625
2024-09-02T14:54:36.532273112Z,0.0312347412109375
2024-09-02T14:54:37.567354537Z,0.0316619873046875
2024-09-02T14:54:38.541425318Z,0.0325927734375
2024-09-02T14:54:39.55935193Z,0.031341552734375
2024-09-02T14:54:40.573445349Z,0.0332183837890625
2024-09-02T14:54:41.617875897Z,0.0323944091796875
2024-09-02T14:54:42.593159688Z,0.0326080322265625
2024-09-02T14:54:43.602049591Z,0.0294036865234375
2024-09-02T14:54:44.629157907Z,0.031219482421875
2024-09-02T14:54:45.60187133Z,0.0321044921875
2024-09-02T14:54:46.650907428Z,0.0312042236328125
2024-09-02T14:54:47.640962099Z,0.0319976806640625
2024-09-02T14:54:48.675067552Z,0.0313568115234375
2024-09-02T14:54:49.644410094Z,-0.0296478271484375
2024-09-02T14:54:50.691783288Z,0.0303497314453125
2024-09-02T14:55:01.130002312Z,0.0311279296875
2024-09-02T14:55:02.225940459Z,0.0329132080078125
2024-09-02T14:55:03.093263563Z,0.0308074951171875
2024-09-02T14:55:04.119521258Z,0.031097412109375
2024-09-02T14:55:05.102162168Z,0.03167724609375
2024-09-02T14:55:06.123117176Z,0.0317230224609375
2024-09-02T14:55:07.131020571Z,0.0316619873046875
2024-09-02T14:55:08.123160122Z,0.0320281982421875
2024-09-02T14:55:09.132312901Z,0.0298309326171875
2024-09-02T14:55:11.040055242Z,0.031585693359375
2024-09-02T14:55:12.072971804Z,0.0295562744140625
2024-09-02T14:55:13.090015072Z,0.031280517578125
2024-09-02T14:55:14.090512846Z,0.0311737060546875
2024-09-02T14:55:15.072838086Z,0.0299072265625
2024-09-02T14:55:16.109078843Z,0.0309295654296875
2024-09-02T14:55:17.1146827Z,0.0302276611328125
2024-09-02T14:55:18.103602129Z,0.032440185546875
2024-09-02T14:55:19.100043103Z,0.0306396484375
2024-09-02T14:55:20.122373668Z,0.031890869140625
2024-09-02T14:55:21.119912026Z,0.0305328369140625
2024-09-02T14:55:22.130232823Z,0.03125
2024-09-02T14:55:23.161625788Z,0.0312347412109375
2024-09-02T14:55:24.133577051Z,0.0312652587890625
2024-09-02T14:55:25.150803967Z,0.0313262939453125
2024-09-02T14:55:26.172960778Z,0.031463623046875
2024-09-02T14:55:27.174213559Z,0.0332489013671875
2024-09-02T14:55:28.188114171Z,0.0312042236328125
2024-09-02T14:55:29.214159506Z,0.0332183837890625
2024-09-02T14:55:30.226619898Z,0.0308837890625
2024-09-02T14:55:31.242866976Z,0.0298614501953125
2024-09-02T14:55:32.263247453Z,0.0302581787109375
2024-09-02T14:55:33.271305221Z,0.0299072265625
2024-09-02T14:55:34.283904627Z,0.03204345703125
2024-09-02T14:55:35.284549661Z,0.0322723388671875
2024-09-02T14:55:36.270162474Z,0.0324554443359375
2024-09-02T14:55:37.330179135Z,0.0320587158203125
2024-09-02T14:55:38.322101348Z,0.0316009521484375
2024-09-02T14:55:39.33023749Z,0.03271484375
2024-09-02T14:55:40.324191078Z,0.032073974609375
2024-09-02T14:55:41.368971067Z,0.030548095703125
2024-09-02T14:55:42.365757958Z,0.0320892333984375
2024-09-02T14:55:43.353963719Z,0.0317535400390625
2024-09-02T14:55:44.391049594Z,0.0318450927734375
2024-09-02T14:55:45.39203746Z,0.0311737060546875
2024-09-02T14:55:46.408024058Z,0.0315399169921875
2024-09-02T14:55:47.39292578Z,0.030609130859375
2024-09-02T14:55:48.414058038Z,0.031341552734375
2024-09-02T14:55:49.443099899Z,0.031585693359375
2024-09-02T14:55:50.45733407Z,0.0315704345703125
2024-09-02T14:55:51.427842037Z,0.03118896484375
2024-09-02T14:55:52.470258572Z,0.0327911376953125
2024-09-02T14:55:53.434158294Z,0.03118896484375
2024-09-02T14:55:54.481482276Z,0.0300445556640625
2024-09-02T14:55:55.473079123Z,0.0307464599609375
2024-09-02T14:55:56.501952591Z,0.0320587158203125
2024-09-02T14:55:57.49227968Z,0.0319366455078125
2024-09-02T14:55:58.458788117Z,0.0330963134765625
2024-09-02T14:55:59.510997Z,0.0309600830078125
2024-09-02T14:56:00.491982985Z,0.03173828125
2024-09-02T14:56:01.522309158Z,0.03094482421875
2024-09-02T14:56:02.542079202Z,0.0325469970703125
2024-09-02T14:56:03.520489034Z,0.032562255859375
2024-09-02T14:56:04.523121253Z,0.0321044921875
2024-09-02T14:56:05.541910523Z,0.0300750732421875
2024-09-02T14:56:06.55759855Z,0.031524658203125
2024-09-02T14:56:07.550212347Z,0.0313720703125
2024-09-02T14:56:08.570384728Z,0.031890869140625
2024-09-02T14:56:09.561992041Z,0.030975341796875
2024-09-02T14:56:10.580109538Z,0.03265380859375
2024-09-02T14:56:11.574934156Z,0.031402587890625
2024-09-02T14:56:12.577219151Z,0.0317230224609375
2024-09-02T14:56:13.565315713Z,0.0330352783203125
2024-09-02T14:56:15.561409807Z,0.031036376953125
2024-09-02T14:56:15.603186901Z,0.0307769775390625
2024-09-02T14:56:16.621878895Z,0.0294189453125
2024-09-02T14:56:17.621294546Z,0.0310211181640625
2024-09-02T14:56:18.637832131Z,0.0319061279296875
2024-09-02T14:56:19.660277093Z,0.0308837890625
2024-09-02T14:56:20.671048097Z,0.032562255859375
2024-09-02T14:56:21.678093238Z,0.033111572265625
2024-09-02T14:56:22.66791274Z,0.028289794921875
2024-09-02T14:56:23.674795064Z,0.0326995849609375
2024-09-02T14:56:24.694353999Z,0.02972412109375
2024-09-02T14:56:25.706460272Z,0.031768798828125
2024-09-02T14:56:26.732050622Z,0.030242919921875
2024-09-02T14:56:27.720898723Z,0.0313568115234375
2024-09-02T14:56:28.751970405Z,0.0299224853515625
2024-09-02T14:56:29.769005702Z,0.030609130859375
2024-09-02T14:56:30.773342812Z,0.031341552734375
2024-09-02T14:56:31.793356405Z,0.0317230224609375
2024-09-02T14:56:32.834476102Z,0.0312347412109375
2024-09-02T14:56:33.788184453Z,0.0321502685546875
2024-09-02T14:56:34.814148076Z,0.032012939453125
2024-09-02T14:56:35.862300104Z,0.03131103515625
2024-09-02T14:56:36.825398095Z,0.030517578125
2024-09-02T14:56:37.824252576Z,0.0303955078125
2024-09-02T14:56:38.851207148Z,0.0319366455078125
2024-09-02T14:56:39.862328887Z,0.030487060546875
2024-09-02T14:56:40.861993475Z,0.0302276611328125
2024-09-02T14:56:41.880941527Z,0.030609130859375
2024-09-02T14:56:42.90122027Z,0.0322265625
2024-09-02T14:56:43.930006015Z,0.0309906005859375
2024-09-02T14:56:44.950101115Z,0.031768798828125
2024-09-02T14:56:45.958198655Z,0.0307464599609375
2024-09-02T14:56:46.952275156Z,0.0318145751953125
2024-09-02T14:56:47.97797308Z,0.031494140625
2024-09-02T14:56:49.010238337Z,0.0309295654296875
2024-09-02T14:56:50.006084239Z,0.029510498046875
2024-09-02T14:56:51.028025517Z,0.0307159423828125
2024-09-02T14:56:52.015168998Z,0.03143310546875
2024-09-02T14:56:53.038163675Z,0.0318603515625
2024-09-02T14:56:54.038993018Z,0.03070068359375
2024-09-02T14:56:55.067160566Z,0.0308990478515625
2024-09-02T14:56:56.051036952Z,0.030181884765625
2024-09-02T14:56:57.069073012Z,0.0316009521484375
2024-09-02T14:56:58.061173651Z,0.03155517578125
2024-09-02T14:56:59.074329207Z,0.0302276611328125
2024-09-02T14:57:00.075118925Z,0.031951904296875
2024-09-02T14:57:01.102556148Z,0.030242919921875
2024-09-02T14:57:02.126866406Z,0.0315704345703125
2024-09-02T14:57:03.103118159Z,0.032623291015625
2024-09-02T14:57:04.113260164Z,0.03045654296875
2024-09-02T14:57:05.13996565Z,0.0314178466796875
2024-09-02T14:57:06.131891333Z,0.030792236328125
2024-09-02T14:57:07.179535686Z,0.032928466796875
2024-09-02T14:57:08.151182039Z,0.0314483642578125
2024-09-02T14:57:09.176127693Z,0.0291595458984375
2024-09-02T14:57:10.186836698Z,0.030364990234375
2024-09-02T14:57:11.258578217Z,0.03118896484375
2024-09-02T14:57:12.199007419Z,0.0316925048828125
2024-09-02T14:57:13.256907518Z,0.0300140380859375
2024-09-02T14:57:14.253686242Z,0.029693603515625
2024-09-02T14:57:15.293876518Z,0.03082275390625
2024-09-02T14:57:16.245635172Z,0.030975341796875
2024-09-02T14:57:17.269621339Z,0.0299835205078125
2024-09-02T14:57:18.288654563Z,0.030487060546875
2024-09-02T14:57:19.272650822Z,0.0323486328125
2024-09-02T14:57:20.372801917Z,0.031829833984375
2024-09-02T14:57:21.359735646Z,0.03173828125
2024-09-02T14:57:22.334696734Z,0.0304412841796875
2024-09-02T14:57:23.33556928Z,0.0315704345703125
2024-09-02T14:57:24.304567442Z,0.0324249267578125
2024-09-02T14:57:25.321093655Z,0.0312957763671875
2024-09-02T14:57:26.475937882Z,0.0317230224609375
2024-09-02T14:57:27.371814801Z,0.0321044921875
2024-09-02T14:57:28.587864405Z,0.0302734375
2024-09-02T14:57:29.538794412Z,0.032440185546875
2024-09-02T14:57:30.482716796Z,0.0311737060546875
2024-09-02T14:57:31.744262104Z,0.0310516357421875
2024-09-02T14:57:32.535996653Z,0.03192138671875
2024-09-02T14:57:33.534541205Z,0.0299835205078125
2024-09-02T14:57:34.527124116Z,0.0313720703125
2024-09-02T14:57:35.521498245Z,0.0309600830078125
2024-09-02T14:57:36.523593894Z,0.03240966796875
2024-09-02T14:57:37.504682433Z,0.0311126708984375
2024-09-02T14:57:38.505798982Z,0.030364990234375
2024-09-02T14:57:39.593919913Z,0.031768798828125
2024-09-02T14:57:40.527944223Z,0.0310821533203125
2024-09-02T14:57:41.551803237Z,0.03265380859375
2024-09-02T14:57:42.60076654Z,0.0318450927734375
2024-09-02T14:57:43.657864979Z,0.0307769775390625
2024-09-02T14:57:44.670816092Z,0.033294677734375
2024-09-02T14:57:45.644744826Z,0.03106689453125
2024-09-02T14:57:46.669710404Z,0.0310821533203125
2024-09-02T14:57:47.661672509Z,0.030670166015625
2024-09-02T14:57:48.656926353Z,0.0312042236328125
2024-09-02T14:57:49.62969446Z,0.0313568115234375
2024-09-02T14:57:50.70708164Z,0.03118896484375
2024-09-02T14:57:51.69307396Z,0.0313568115234375
2024-09-02T14:57:52.702779684Z,0.0319366455078125
2024-09-02T14:57:53.836867451Z,0.031951904296875
2024-09-02T14:57:54.655066518Z,0.0325927734375
2024-09-02T14:57:55.802725004Z,0.03045654296875
2024-09-02T14:57:56.867608909Z,0.0314483642578125
2024-09-02T14:57:57.802973786Z,0.0312347412109375
2024-09-02T14:57:58.758647517Z,0.0316925048828125
2024-09-02T14:57:59.715646428Z,0.029571533203125
2024-09-02T14:58:00.808389161Z,0.03155517578125
2024-09-02T14:58:01.823845834Z,0.0325775146484375
2024-09-02T14:58:02.727814605Z,0.03009033203125
2024-09-02T14:58:03.869676586Z,0.031829833984375
2024-09-02T14:58:04.84875776Z,0.0316619873046875
2024-09-02T14:58:05.985753845Z,0.02978515625
2024-09-02T14:58:06.943661501Z,0.031982421875
2024-09-02T14:58:07.835416946Z,0.0310516357421875
2024-09-02T14:58:08.809386237Z,0.0312042236328125
2024-09-02T14:58:10.277816745Z,0.031097412109375
2024-09-02T14:58:11.311739937Z,0.0333404541015625
2024-09-02T14:58:12.042449479Z,0.0320587158203125
2024-09-02T14:58:12.913445996Z,0.0330352783203125
2024-09-02T14:58:13.86381453Z,0.03143310546875
2024-09-02T14:58:14.907444111Z,0.031982421875
2024-09-02T14:58:15.905119711Z,0.0309906005859375
2024-09-02T14:58:16.885760714Z,0.031219482421875
2024-09-02T14:58:17.92642643Z,0.030731201171875
2024-09-02T14:58:18.897405838Z,0.031341552734375
2024-09-02T14:58:19.932599547Z,0.031219482421875
2024-09-02T14:58:20.922411166Z,0.0316162109375
2024-09-02T14:58:21.947427865Z,0.0314483642578125
2024-09-02T14:58:22.9634655Z,0.0324859619140625
2024-09-02T14:58:23.985657827Z,0.029754638671875
2024-09-02T14:58:24.98131636Z,0.0316162109375
2024-09-02T14:58:25.975506677Z,0.0323028564453125
2024-09-02T14:58:27.012366589Z,0.03253173828125
2024-09-02T14:58:28.017483434Z,0.030242919921875
2024-09-02T14:58:28.989411999Z,0.0312957763671875
2024-09-02T14:58:29.984862872Z,0.0312957763671875
2024-09-02T14:58:31.025718981Z,0.0302886962890625
2024-09-02T14:58:32.034566464Z,0.030181884765625
2024-09-02T14:58:33.042730913Z,0.03192138671875
2024-09-02T14:58:34.09267677Z,0.0309600830078125
2024-09-02T14:58:35.067409608Z,0.0319671630859375
2024-09-02T14:58:36.065486279Z,0.0322418212890625
2024-09-02T14:58:37.092557062Z,0.03070068359375
2024-09-02T14:58:38.189712087Z,0.03173828125
2024-09-02T14:58:39.111345082Z,0.0311737060546875
2024-09-02T14:58:40.134869911Z,0.0303802490234375
2024-09-02T14:58:41.134080508Z,0.031463623046875
2024-09-02T14:58:42.132053038Z,0.0324249267578125
2024-09-02T14:58:43.116950275Z,0.0319976806640625
2024-09-02T14:58:44.150671152Z,0.0312347412109375
2024-09-02T14:58:45.187878009Z,0.0307769775390625
2024-09-02T14:58:46.198375683Z,0.032562255859375
2024-09-02T14:58:47.179805892Z,0.0308380126953125
2024-09-02T14:58:48.186527792Z,0.0317230224609375
2024-09-02T14:58:49.180565219Z,0.031646728515625
2024-09-02T14:58:50.186830655Z,0.0327606201171875
2024-09-02T14:58:51.190579161Z,0.032379150390625
2024-09-02T14:58:52.218685203Z,0.0317840576171875
2024-09-02T14:58:53.237573128Z,0.0326080322265625
2024-09-02T14:58:54.238329108Z,0.0335540771484375
2024-09-02T14:58:55.283002946Z,0.032623291015625
2024-09-02T14:58:56.242904356Z,0.03167724609375
2024-09-02T14:58:57.366723268Z,0.0311737060546875
2024-09-02T14:58:58.296171025Z,0.0307464599609375
2024-09-02T14:58:59.90799815Z,0.03118896484375
2024-09-02T14:59:02.930100398Z,0.0335693359375
2024-09-02T14:59:02.931855918Z,0.031341552734375
2024-09-02T14:59:02.933998589Z,0.0319976806640625
2024-09-02T14:59:03.309764785Z,0.02960205078125
2024-09-02T14:59:04.340393799Z,0.0321807861328125
2024-09-02T14:59:05.341049008Z,0.031402587890625
2024-09-02T14:59:06.341095897Z,0.03204345703125
2024-09-02T14:59:07.359135656Z,0.0315399169921875
2024-09-02T14:59:08.381187183Z,0.0327606201171875
2024-09-02T14:59:09.357259175Z,0.0321044921875
2024-09-02T14:59:10.358002677Z,0.032257080078125
2024-09-02T14:59:11.362154602Z,0.0332794189453125
2024-09-02T14:59:12.412589626Z,0.0316009521484375
2024-09-02T14:59:13.406084594Z,0.033294677734375
2024-09-02T14:59:14.396071305Z,0.030548095703125
2024-09-02T14:59:15.403095358Z,0.1448211669921875
2024-09-02T14:59:16.402032385Z,0.03094482421875
2024-09-02T14:59:17.409851845Z,0.03216552734375
2024-09-02T14:59:18.421083091Z,0.0331268310546875
2024-09-02T14:59:19.487103539Z,0.03155517578125
2024-09-02T14:59:20.453323294Z,0.030426025390625
2024-09-02T14:59:21.464613518Z,0.030670166015625
2024-09-02T14:59:22.481794206Z,0.0306243896484375
2024-09-02T14:59:23.503556164Z,0.029876708984375
2024-09-02T14:59:24.510572266Z,0.031951904296875
2024-09-02T14:59:25.55563878Z,0.03125
2024-09-02T14:59:26.615608463Z,0.031768798828125
2024-09-02T14:59:27.543929023Z,0.03143310546875
2024-09-02T14:59:28.591499243Z,0.032806396484375
2024-09-02T14:59:29.563193431Z,0.03173828125
2024-09-02T14:59:30.589723049Z,0.031158447265625
2024-09-02T14:59:31.593462135Z,0.0307769775390625
2024-09-02T14:59:32.60947999Z,0.032562255859375
2024-09-02T14:59:33.645538247Z,0.0309295654296875
2024-09-02T14:59:34.674296368Z,0.032958984375
2024-09-02T14:59:35.673615315Z,0.0312042236328125
2024-09-02T14:59:36.674663515Z,0.032135009765625
2024-09-02T14:59:37.720776797Z,0.031524658203125
2024-09-02T14:59:38.778522291Z,0.032440185546875
2024-09-02T14:59:39.693916098Z,0.029937744140625
2024-09-02T14:59:40.704952459Z,0.03082275390625
2024-09-02T14:59:41.756757888Z,0.0312957763671875
2024-09-02T14:59:42.823589374Z,0.032440185546875
2024-09-02T14:59:43.768510483Z,0.03033447265625
2024-09-02T14:59:44.763542671Z,0.0323638916015625
2024-09-02T14:59:45.754243963Z,0.0323486328125
2024-09-02T14:59:46.761299905Z,0.0293121337890625
2024-09-02T14:59:47.776521007Z,0.029754638671875
2024-09-02T14:59:48.792418359Z,0.0331268310546875
2024-09-02T14:59:49.846479976Z,0.0303955078125
2024-09-02T14:59:50.868796063Z,0.0317535400390625
2024-09-02T14:59:51.973479731Z,0.032379150390625
2024-09-02T14:59:52.879225181Z,0.03228759765625
2024-09-02T14:59:53.921716751Z,0.0295867919921875
2024-09-02T14:59:54.90566051Z,0.032196044921875
2024-09-02T14:59:55.9105213Z,0.031005859375
2024-09-02T14:59:56.902667613Z,0.03143310546875
2024-09-02T14:59:57.966973913Z,0.030609130859375
2024-09-02T14:59:58.938554219Z,0.03094482421875
2024-09-02T14:59:59.941586344Z,0.031829833984375
2024-09-02T15:00:00.962626534Z,0.030303955078125
2024-09-02T15:00:01.988718313Z,0.0306549072265625
2024-09-02T15:00:02.960881706Z,0.0316619873046875
2024-09-02T15:00:04.003740579Z,0.02862548828125
2024-09-02T15:00:05.020712935Z,0.030548095703125
2024-09-02T15:00:06.061442823Z,0.031707763671875
2024-09-02T15:00:07.055614436Z,0.0315704345703125
2024-09-02T15:00:08.068726287Z,0.030670166015625
2024-09-02T15:00:09.024615775Z,0.0318450927734375
2024-09-02T15:00:10.062419574Z,0.0315399169921875
2024-09-02T15:00:11.065705677Z,0.029815673828125
2024-09-02T15:00:12.173689459Z,0.03192138671875
2024-09-02T15:00:13.109709486Z,0.0317535400390625
2024-09-02T15:00:14.144702188Z,0.0319061279296875
2024-09-02T15:00:15.202863856Z,0.0299835205078125
2024-09-02T15:00:16.46763073Z,0.032073974609375
2024-09-02T15:00:17.368769884Z,0.03057861328125
2024-09-02T15:00:18.255596503Z,0.030487060546875
2024-09-02T15:00:19.149814955Z,0.0325775146484375
2024-09-02T15:00:20.154000913Z,0.03143310546875
2024-09-02T15:00:21.158960914Z,0.030670166015625
2024-09-02T15:00:22.220997006Z,0.0310821533203125
2024-09-02T15:00:23.201547054Z,0.0313262939453125
2024-09-02T15:00:24.228705823Z,0.03076171875
2024-09-02T15:00:25.190536217Z,0.0310516357421875
2024-09-02T15:00:26.210550609Z,0.03173828125
2024-09-02T15:00:27.223882851Z,0.0310516357421875
2024-09-02T15:00:28.228858273Z,0.03021240234375
2024-09-02T15:00:29.251340037Z,0.0310821533203125
2024-09-02T15:00:30.250500951Z,0.0321807861328125
2024-09-02T15:00:31.236183756Z,0.029937744140625
2024-09-02T15:00:32.266741548Z,0.0316314697265625
2024-09-02T15:00:33.282065505Z,0.0313873291015625
2024-09-02T15:00:34.365509612Z,0.0299072265625
2024-09-02T15:00:35.403561852Z,0.032318115234375
2024-09-02T15:00:36.349765009Z,0.0312347412109375
2024-09-02T15:00:37.37531142Z,0.0311431884765625
2024-09-02T15:00:38.344239356Z,0.0300445556640625
2024-09-02T15:00:39.37633159Z,0.03228759765625
2024-09-02T15:00:40.362801587Z,0.031036376953125
2024-09-02T15:00:41.541303309Z,0.030487060546875
2024-09-02T15:00:42.391709426Z,0.030303955078125
2024-09-02T15:00:43.37386905Z,0.0302581787109375
2024-09-02T15:00:44.398093642Z,0.0309906005859375
2024-09-02T15:00:45.445389147Z,0.028778076171875
2024-09-02T15:00:46.445440173Z,0.0320892333984375
2024-09-02T15:00:47.450670408Z,0.0322265625
2024-09-02T15:00:48.456632196Z,0.031768798828125
2024-09-02T15:00:49.491013062Z,0.0301971435546875
2024-09-02T15:00:50.488203251Z,0.031463623046875
2024-09-02T15:00:51.48764398Z,0.0319671630859375
2024-09-02T15:00:52.516620514Z,0.032135009765625
2024-09-02T15:00:53.664372666Z,0.0323944091796875
2024-09-02T15:00:54.518032751Z,0.0308990478515625
2024-09-02T15:00:55.5273842Z,0.032958984375
2024-09-02T15:00:56.55190797Z,0.0320587158203125
2024-09-02T15:00:57.558744562Z,0.0320587158203125
2024-09-02T15:00:58.569591053Z,0.030670166015625
2024-09-02T15:00:59.59408446Z,0.03057861328125
2024-09-02T15:01:00.582560683Z,0.0338134765625
2024-09-02T15:01:01.593931569Z,0.0322418212890625
2024-09-02T15:01:02.665535744Z,0.0318756103515625
2024-09-02T15:01:03.624600155Z,0.029693603515625
2024-09-02T15:01:04.633519929Z,0.0318145751953125
2024-09-02T15:01:05.636721694Z,0.032928466796875
2024-09-02T15:01:06.770826011Z,0.0323028564453125
2024-09-02T15:01:07.683102133Z,0.0300140380859375
2024-09-02T15:01:08.70571881Z,0.031585693359375
2024-09-02T15:01:09.697606473Z,0.0309600830078125
2024-09-02T15:01:10.751565009Z,0.031402587890625
2024-09-02T15:01:11.789522124Z,0.0304412841796875
2024-09-02T15:01:12.748494037Z,0.0321044921875
2024-09-02T15:01:13.771760404Z,0.0318145751953125
2024-09-02T15:01:14.798251799Z,0.0321502685546875
2024-09-02T15:01:15.810881622Z,0.03173828125
2024-09-02T15:01:16.830596255Z,0.0350799560546875
2024-09-02T15:01:17.827434232Z,0.03302001953125
2024-09-02T15:01:18.837371731Z,0.0349578857421875
2024-09-02T15:01:19.869319968Z,0.0337371826171875
2024-09-02T15:01:20.801722737Z,0.032379150390625
2024-09-02T15:01:21.862088202Z,0.032867431640625
2024-09-02T15:01:22.843885052Z,0.0340576171875
2024-09-02T15:01:23.861670901Z,0.03350830078125
2024-09-02T15:01:24.880265391Z,0.0352935791015625
2024-09-02T15:01:25.90876754Z,0.034759521484375
2024-09-02T15:01:26.93599892Z,0.0336456298828125
2024-09-02T15:01:27.897664875Z,0.033599853515625
2024-09-02T15:01:28.915462111Z,0.0341644287109375
2024-09-02T15:01:29.919269149Z,0.03363037109375
2024-09-02T15:01:30.91470679Z,0.0352020263671875
2024-09-02T15:01:31.92468297Z,0.0331573486328125
2024-09-02T15:01:32.944385337Z,0.035614013671875
2024-09-02T15:01:33.967596358Z,0.03485107421875
2024-09-02T15:01:34.979380025Z,0.0345458984375
2024-09-02T15:01:35.984943798Z,0.03399658203125
2024-09-02T15:01:37.164715761Z,0.0339202880859375
2024-09-02T15:01:38.039903862Z,0.0331268310546875
2024-09-02T15:01:39.097591283Z,0.035064697265625
2024-09-02T15:01:40.069639258Z,0.032501220703125
2024-09-02T15:01:41.084319056Z,0.0345611572265625
2024-09-02T15:01:42.052503529Z,0.032989501953125
2024-09-02T15:01:43.051592338Z,0.03460693359375
2024-09-02T15:01:44.086530267Z,0.0349578857421875
2024-09-02T15:01:45.128774972Z,0.0329132080078125
2024-09-02T15:01:46.130835365Z,0.03521728515625
2024-09-02T15:01:47.142507445Z,0.0329437255859375
2024-09-02T15:01:48.161148715Z,0.0341949462890625
2024-09-02T15:01:49.164418886Z,0.0334625244140625
2024-09-02T15:01:50.158317319Z,0.0311279296875
2024-09-02T15:01:51.182588533Z,0.0320281982421875
2024-09-02T15:01:52.237725967Z,0.0322113037109375
2024-09-02T15:01:53.253766746Z,0.03125
2024-09-02T15:01:54.261685855Z,0.0332183837890625
2024-09-02T15:01:55.28051915Z,0.0377349853515625
2024-09-02T15:01:56.217196689Z,0.03240966796875
2024-09-02T15:01:57.257968732Z,0.0317840576171875
2024-09-02T15:01:58.262021184Z,0.032806396484375
2024-09-02T15:01:59.247859797Z,0.0302734375
2024-09-02T15:02:00.26407874Z,0.02783203125
2024-09-02T15:02:01.256035146Z,0.030914306640625
2024-09-02T15:02:02.292783797Z,0.029998779296875
2024-09-02T15:02:03.305020229Z,0.0306243896484375
2024-09-02T15:02:04.308234629Z,0.0302886962890625
2024-09-02T15:02:05.304955267Z,0.0315399169921875
2024-09-02T15:02:06.325043722Z,0.0316314697265625
2024-09-02T15:02:07.320036343Z,0.0307464599609375
2024-09-02T15:02:08.355480214Z,0.0294952392578125
2024-09-02T15:02:09.376338724Z,0.0305023193359375
2024-09-02T15:02:10.388898071Z,0.0319366455078125
2024-09-02T15:02:11.387301326Z,0.0257720947265625
2024-09-02T15:02:12.389814403Z,0.032012939453125
2024-09-02T15:02:13.441857629Z,0.0322113037109375
2024-09-02T15:02:14.440823574Z,0.0307159423828125
2024-09-02T15:02:15.41938509Z,0.02978515625
2024-09-02T15:02:16.491108617Z,0.03167724609375
2024-09-02T15:02:17.482962376Z,0.029571533203125
2024-09-02T15:02:18.458823351Z,0.030426025390625
2024-09-02T15:02:19.480142018Z,0.031494140625
2024-09-02T15:02:20.4950683Z,0.030303955078125
2024-09-02T15:02:21.476058802Z,0.02880859375
2024-09-02T15:02:22.481229932Z,0.029022216796875
2024-09-02T15:02:23.446760693Z,0.032012939453125
2024-09-02T15:02:24.440136174Z,0.0321502685546875
2024-09-02T15:02:25.464977352Z,0.031341552734375
2024-09-02T15:02:26.480075379Z,0.0337371826171875
2024-09-02T15:02:27.487276448Z,0.0304718017578125
2024-09-02T15:02:28.481884878Z,0.031494140625
2024-09-02T15:02:29.451982868Z,0.031768798828125
2024-09-02T15:02:30.460736511Z,0.029571533203125
2024-09-02T15:02:31.516120108Z,0.0313568115234375
2024-09-02T15:02:32.515170592Z,0.0303497314453125
2024-09-02T15:02:33.487985532Z,0.028167724609375
2024-09-02T15:02:34.478876944Z,0.0289459228515625
2024-09-02T15:02:35.514829016Z,0.0325927734375
2024-09-02T15:02:36.466218157Z,0.030242919921875
2024-09-02T15:02:37.456901679Z,0.0289764404296875
2024-09-02T15:02:38.465075068Z,0.0295867919921875
2024-09-02T15:02:39.496362886Z,0.0321044921875
2024-09-02T15:02:40.545973991Z,0.0318145751953125
2024-09-02T15:02:41.526193138Z,0.0303497314453125
2024-09-02T15:02:42.555150365Z,0.0281219482421875
2024-09-02T15:02:43.566999011Z,0.029693603515625
2024-09-02T15:02:44.574047121Z,0.029388427734375
2024-09-02T15:02:45.587568121Z,0.027587890625
2024-09-02T15:02:46.559215652Z,0.0301513671875
2024-09-02T15:02:47.637172319Z,0.0295257568359375
2024-09-02T15:02:48.563083618Z,0.029052734375
2024-09-02T15:02:49.52098126Z,0.0310211181640625
2024-09-02T15:02:50.521121291Z,0.029937744140625
2024-09-02T15:02:51.583236987Z,0.0305938720703125
2024-09-02T15:02:52.575322231Z,0.029571533203125
2024-09-02T15:02:53.583903129Z,0.0310516357421875
2024-09-02T15:02:54.593904734Z,0.0308380126953125
2024-09-02T15:02:55.568329898Z,0.030487060546875
2024-09-02T15:02:56.584960221Z,0.0306243896484375
2024-09-02T15:02:57.595111809Z,0.0317230224609375
2024-09-02T15:02:58.580941556Z,0.0291900634765625
2024-09-02T15:02:59.594068673Z,0.0298614501953125
2024-09-02T15:03:00.596153035Z,0.0291900634765625
2024-09-02T15:03:01.60109044Z,0.0291748046875
2024-09-02T15:03:02.611261455Z,0.031463623046875
2024-09-02T15:03:03.649726678Z,0.0317230224609375
2024-09-02T15:03:04.690135391Z,0.0308380126953125
2024-09-02T15:03:05.690148459Z,0.0290679931640625
2024-09-02T15:03:06.667299004Z,0.029052734375
2024-09-02T15:03:07.684567662Z,0.0302581787109375
2024-09-02T15:03:08.727325047Z,0.02947998046875
2024-09-02T15:03:09.722808045Z,0.0297393798828125
2024-09-02T15:03:10.733817939Z,0.031341552734375
2024-09-02T15:03:11.749932976Z,0.0323486328125
2024-09-02T15:03:12.746080992Z,0.03070068359375
2024-09-02T15:03:13.751142677Z,0.0324249267578125
2024-09-02T15:03:14.798387262Z,0.030853271484375
2024-09-02T15:03:15.781941754Z,0.0286712646484375
2024-09-02T15:03:16.761319167Z,0.03106689453125
2024-09-02T15:03:17.802192497Z,0.0316009521484375
2024-09-02T15:03:18.821207942Z,0.02996826171875
2024-09-02T15:03:19.80709767Z,0.0308685302734375
2024-09-02T15:03:20.853757499Z,0.030609130859375
2024-09-02T15:03:21.805142534Z,0.02874755859375
2024-09-02T15:03:23.155436601Z,0.0297088623046875
2024-09-02T15:03:23.866814556Z,0.0289459228515625
2024-09-02T15:03:24.829598699Z,0.0323638916015625
2024-09-02T15:03:25.898506511Z,0.030364990234375
2024-09-02T15:03:26.887615898Z,0.03143310546875
2024-09-02T15:03:28.011129949Z,0.0310516357421875
2024-09-02T15:03:28.933304444Z,0.0317535400390625
2024-09-02T15:03:29.942644704Z,0.031829833984375
2024-09-02T15:03:30.946976064Z,0.030181884765625
2024-09-02T15:03:32.017426278Z,0.0316314697265625
2024-09-02T15:03:32.969531767Z,0.0319061279296875
2024-09-02T15:03:33.968509777Z,0.0311279296875
2024-09-02T15:03:34.976514612Z,0.030029296875
2024-09-02T15:03:35.987822289Z,0.0292205810546875
2024-09-02T15:03:36.984962757Z,0.03094482421875
2024-09-02T15:03:37.99159732Z,0.0319061279296875
2024-09-02T15:03:39.033536351Z,0.0284576416015625
2024-09-02T15:03:40.02848857Z,0.03118896484375
2024-09-02T15:03:41.071013511Z,0.030914306640625
2024-09-02T15:03:42.042762911Z,0.0312347412109375
2024-09-02T15:03:43.09298195Z,0.0302581787109375
2024-09-02T15:03:44.089526664Z,0.0318450927734375
2024-09-02T15:03:45.099755763Z,0.030181884765625
2024-09-02T15:03:46.118396299Z,0.0316925048828125
2024-09-02T15:03:47.120983219Z,0.0302886962890625
2024-09-02T15:03:48.083951518Z,0.028900146484375
2024-09-02T15:03:49.126628534Z,0.0291290283203125
2024-09-02T15:03:50.140938301Z,0.031890869140625
2024-09-02T15:03:51.126726474Z,0.0306549072265625
2024-09-02T15:03:52.151801822Z,0.02984619140625
2024-09-02T15:03:53.166497941Z,0.0301971435546875
2024-09-02T15:03:54.21578761Z,0.0299835205078125
2024-09-02T15:03:55.187603701Z,0.029388427734375
2024-09-02T15:03:56.266823849Z,0.0303497314453125
2024-09-02T15:03:57.268772143Z,0.0306854248046875
2024-09-02T15:03:58.222918275Z,0.0311737060546875
2024-09-02T15:03:59.242371776Z,0.03076171875
2024-09-02T15:04:00.274311649Z,0.0318756103515625
2024-09-02T15:04:01.257324233Z,0.03173828125
2024-09-02T15:04:03.427525254Z,-0.1026458740234375
2024-09-02T15:06:25.971843569Z,0.0163116455078125
2024-09-02T15:06:26.995138909Z,0.013214111328125
2024-09-02T15:06:28.02614138Z,0.0155487060546875
2024-09-02T15:06:28.995153214Z,0.016357421875
2024-09-02T15:06:30.009268517Z,0.0157470703125
2024-09-02T15:06:31.01126624Z,0.0158538818359375
2024-09-02T15:06:32.024411211Z,0.01708984375
2024-09-02T15:06:33.020217923Z,0.014129638671875
2024-09-02T15:06:34.015248412Z,0.0162353515625
2024-09-02T15:06:35.038878934Z,0.0167236328125
2024-09-02T15:06:36.077331749Z,0.0023651123046875
2024-09-02T15:06:37.037263852Z,0.0198974609375
2024-09-02T15:06:38.117843591Z,0.011993408203125
2024-09-02T15:06:39.106774297Z,0.013427734375
2024-09-02T15:06:40.125675549Z,0.012481689453125
2024-09-02T15:06:41.10951611Z,0.011871337890625
2024-09-02T15:06:42.143424581Z,0.0143280029296875
2024-09-02T15:06:43.163704842Z,0.01397705078125
2024-09-02T15:06:44.170515126Z,0.013580322265625
2024-09-02T15:06:45.149822552Z,0.0126800537109375
2024-09-02T15:06:46.168734669Z,0.01348876953125
2024-09-02T15:06:47.133621689Z,0.01361083984375
2024-09-02T15:06:48.26265002Z,0.010986328125
2024-09-02T15:06:49.165618749Z,0.0125579833984375
2024-09-02T15:06:50.177611187Z,0.0124664306640625
2024-09-02T15:06:51.180865107Z,0.0125274658203125
2024-09-02T15:06:52.217435723Z,0.013763427734375
2024-09-02T15:06:53.20818174Z,0.0130767822265625
2024-09-02T15:06:54.212789309Z,0.013641357421875
2024-09-02T15:06:55.214639234Z,0.0121307373046875
2024-09-02T15:06:56.24864489Z,0.012603759765625
2024-09-02T15:06:57.241520006Z,0.0140228271484375
2024-09-02T15:06:58.267085549Z,0.01373291015625
2024-09-02T15:06:59.254768285Z,0.012176513671875
2024-09-02T15:07:00.35170319Z,0.0130767822265625
2024-09-02T15:07:01.289431977Z,0.0130462646484375
2024-09-02T15:07:02.286866515Z,0.0101470947265625
2024-09-02T15:07:03.292733852Z,0.014495849609375
2024-09-02T15:07:04.34257427Z,0.0106353759765625
2024-09-02T15:07:05.343285415Z,0.012786865234375
2024-09-02T15:07:06.351633574Z,0.0113067626953125
2024-09-02T15:07:07.38252061Z,0.0110015869140625
2024-09-02T15:07:08.341839449Z,0.0149078369140625
2024-09-02T15:07:09.392715144Z,0.01361083984375
2024-09-02T15:07:10.570627761Z,0.012603759765625
2024-09-02T15:07:11.349176448Z,0.012298583984375
2024-09-02T15:07:12.432026852Z,0.0115814208984375
2024-09-02T15:07:13.384572403Z,0.01214599609375
2024-09-02T15:07:14.434505194Z,0.0128021240234375
2024-09-02T15:07:15.444593786Z,0.0112762451171875
2024-09-02T15:07:16.456684937Z,0.0114288330078125
2024-09-02T15:07:17.434864922Z,0.00982666015625
2024-09-02T15:07:18.462674883Z,0.01202392578125
2024-09-02T15:07:19.45550146Z,0.011505126953125
2024-09-02T15:07:20.459738627Z,0.0135345458984375
2024-09-02T15:07:21.436888301Z,0.0121307373046875
2024-09-02T15:07:22.478387036Z,0.0118255615234375
2024-09-02T15:07:23.405710506Z,0.0107879638671875
2024-09-02T15:07:24.472193901Z,0.013397216796875
2024-09-02T15:07:25.449825923Z,0.014251708984375
2024-09-02T15:07:26.464448138Z,0.0128936767578125
2024-09-02T15:07:27.482478936Z,0.010955810546875
2024-09-02T15:07:28.7306151Z,0.0136566162109375
2024-09-02T15:07:29.498545443Z,0.01202392578125
2024-09-02T15:07:30.460342542Z,0.01171875
2024-09-02T15:07:31.460471813Z,0.0134735107421875
2024-09-02T15:07:32.519695156Z,0.0117340087890625
2024-09-02T15:07:33.529468223Z,0.012847900390625
2024-09-02T15:07:34.546561645Z,0.0110015869140625
2024-09-02T15:07:35.523926691Z,0.008819580078125
2024-09-02T15:07:36.601877486Z,0.011199951171875
2024-09-02T15:07:37.511710824Z,0.013336181640625
2024-09-02T15:07:38.620560819Z,0.011566162109375
2024-09-02T15:07:39.601510943Z,0.00958251953125
2024-09-02T15:07:40.623349837Z,0.012054443359375
2024-09-02T15:07:41.638640733Z,0.0122833251953125
2024-09-02T15:07:42.606467965Z,0.0130767822265625
2024-09-02T15:07:43.66521808Z,0.012908935546875
2024-09-02T15:07:44.635965773Z,0.012664794921875
2024-09-02T15:07:45.664879449Z,0.013153076171875
2024-09-02T15:07:46.759745797Z,0.0125579833984375
2024-09-02T15:07:47.692416448Z,0.012664794921875
2024-09-02T15:07:48.634835042Z,0.01397705078125
2024-09-02T15:07:49.752803643Z,0.013519287109375
2024-09-02T15:07:50.636324285Z,0.0132904052734375
2024-09-02T15:07:51.648035053Z,0.012176513671875
2024-09-02T15:07:52.674610649Z,0.0127410888671875
2024-09-02T15:07:53.680619902Z,0.011199951171875
2024-09-02T15:07:54.740191385Z,0.0129241943359375
2024-09-02T15:07:55.736947919Z,0.0125579833984375
2024-09-02T15:07:56.725694558Z,0.01416015625
2024-09-02T15:07:57.743140495Z,0.012939453125
2024-09-02T15:07:58.770811554Z,0.0129852294921875
2024-09-02T15:07:59.745485683Z,0.0134124755859375
2024-09-02T15:08:00.797245111Z,0.0137939453125
2024-09-02T15:08:01.81347371Z,0.0124053955078125
2024-09-02T15:08:02.812124385Z,0.013946533203125
2024-09-02T15:08:03.812632957Z,0.012939453125
2024-09-02T15:08:04.840694435Z,0.0125579833984375
2024-09-02T15:08:05.914664396Z,0.014434814453125
2024-09-02T15:08:06.925117129Z,0.014495849609375
2024-09-02T15:08:07.822946845Z,0.0121917724609375
2024-09-02T15:08:08.950756817Z,0.0144500732421875
2024-09-02T15:08:09.873439306Z,0.0135345458984375
2024-09-02T15:08:10.911787131Z,0.0118255615234375
2024-09-02T15:08:11.932870033Z,0.013702392578125
2024-09-02T15:08:12.875385363Z,0.0126953125
2024-09-02T15:08:13.883629882Z,0.0118560791015625
2024-09-02T15:08:14.921236708Z,0.01312255859375
2024-09-02T15:08:15.912644188Z,0.0138092041015625
2024-09-02T15:08:16.93237386Z,0.012908935546875
2024-09-02T15:08:17.929555281Z,0.01373291015625
2024-09-02T15:08:18.981625602Z,0.0121612548828125
2024-09-02T15:08:20.009745947Z,0.0128631591796875
2024-09-02T15:08:20.980238323Z,0.012359619140625
2024-09-02T15:08:21.943551797Z,0.0137786865234375
2024-09-02T15:08:23.036355502Z,0.01373291015625
2024-09-02T15:08:23.983337681Z,0.015167236328125
2024-09-02T15:08:25.001269856Z,0.0119171142578125
2024-09-02T15:08:25.989636613Z,0.0135650634765625
2024-09-02T15:08:27.02353506Z,0.01318359375
2024-09-02T15:08:28.011757063Z,0.0136260986328125
2024-09-02T15:08:29.006803006Z,0.0109710693359375
2024-09-02T15:08:30.016621757Z,0.0134124755859375
2024-09-02T15:08:31.028693851Z,0.01336669921875
2024-09-02T15:08:32.003907241Z,0.0136260986328125
2024-09-02T15:08:33.009840654Z,0.0137939453125
2024-09-02T15:08:34.017472553Z,0.01513671875
2024-09-02T15:08:35.016139897Z,0.0141448974609375
2024-09-02T15:08:36.009821714Z,0.01287841796875
2024-09-02T15:08:37.026411814Z,0.014251708984375
2024-09-02T15:08:37.993566971Z,0.0129852294921875
2024-09-02T15:08:39.047513007Z,0.0117340087890625
2024-09-02T15:08:40.042862214Z,0.014129638671875
2024-09-02T15:08:41.044332144Z,0.012969970703125
2024-09-02T15:08:42.040804104Z,0.014007568359375
2024-09-02T15:08:43.046699645Z,0.013702392578125
2024-09-02T15:08:44.116306007Z,0.012786865234375
2024-09-02T15:08:45.088568994Z,0.014190673828125
2024-09-02T15:08:46.066689301Z,0.012969970703125
2024-09-02T15:08:47.091569623Z,0.0123443603515625
2024-09-02T15:08:48.111011676Z,0.01458740234375
2024-09-02T15:08:49.100325171Z,0.0137176513671875
2024-09-02T15:08:50.126713233Z,0.014892578125
2024-09-02T15:08:51.147507281Z,0.01287841796875
2024-09-02T15:08:52.159553777Z,0.014739990234375
2024-09-02T15:08:53.159729951Z,0.01141357421875
2024-09-02T15:08:54.20569738Z,0.0131378173828125
2024-09-02T15:08:55.184273393Z,0.0124664306640625
2024-09-02T15:08:56.183817172Z,0.01300048828125
2024-09-02T15:08:57.202497191Z,0.0141448974609375
2024-09-02T15:08:58.216068531Z,0.014923095703125
2024-09-02T15:08:59.233032973Z,0.013214111328125
2024-09-02T15:09:00.236820872Z,0.0142364501953125
2024-09-02T15:09:01.261430441Z,0.0128631591796875
2024-09-02T15:09:02.2813998Z,0.013824462890625
2024-09-02T15:09:03.314619264Z,0.0128936767578125
2024-09-02T15:09:04.310443572Z,0.0125579833984375
2024-09-02T15:09:05.309391716Z,0.0131072998046875
2024-09-02T15:09:06.305642821Z,0.01416015625
2024-09-02T15:09:07.320565416Z,0.0133056640625
2024-09-02T15:09:08.31754738Z,0.0122833251953125
2024-09-02T15:09:09.334418836Z,0.0127105712890625
2024-09-02T15:09:10.392950443Z,0.011383056640625
2024-09-02T15:09:11.349605734Z,0.0147857666015625
2024-09-02T15:09:12.353876823Z,0.012664794921875
2024-09-02T15:09:13.356633404Z,0.011871337890625
2024-09-02T15:09:14.401964966Z,0.01434326171875
2024-09-02T15:09:15.413421369Z,0.0126953125
2024-09-02T15:09:16.404394572Z,0.012420654296875
2024-09-02T15:09:17.402444838Z,0.0134429931640625
2024-09-02T15:09:18.445847641Z,0.01312255859375
2024-09-02T15:09:19.448788683Z,0.0129852294921875
2024-09-02T15:09:20.447433557Z,0.0116729736328125
2024-09-02T15:09:21.468249341Z,0.01953125
2024-09-02T15:09:22.451557933Z,0.0159149169921875
2024-09-02T15:09:23.453624748Z,0.01409912109375
2024-09-02T15:09:24.480690999Z,0.0135650634765625
2024-09-02T15:09:25.458485977Z,0.012054443359375
2024-09-02T15:09:26.507998518Z,0.01361083984375
2024-09-02T15:09:27.484506881Z,0.0128326416015625
2024-09-02T15:09:28.532596159Z,0.0118255615234375
2024-09-02T15:09:29.556777541Z,0.0118255615234375
2024-09-02T15:09:30.51571998Z,0.0134429931640625
2024-09-02T15:09:31.505482854Z,0.014373779296875
2024-09-02T15:09:32.542559295Z,0.015960693359375
2024-09-02T15:09:33.528556117Z,0.013671875
2024-09-02T15:09:34.533414276Z,0.0154266357421875
2024-09-02T15:09:35.545426083Z,0.014434814453125
2024-09-02T15:09:36.552349532Z,0.0140838623046875
2024-09-02T15:09:37.549571427Z,0.0129547119140625
2024-09-02T15:09:38.546650025Z,0.0140228271484375
2024-09-02T15:09:39.556727658Z,0.0120849609375
2024-09-02T15:09:40.570586865Z,0.01416015625
2024-09-02T15:09:41.579548259Z,0.01251220703125
2024-09-02T15:09:42.576646457Z,0.013427734375
2024-09-02T15:09:43.612715195Z,0.01416015625
2024-09-02T15:09:44.600961643Z,0.0111846923828125
2024-09-02T15:09:45.633893581Z,0.0133056640625
2024-09-02T15:09:46.636566496Z,0.0137939453125
2024-09-02T15:09:47.658707804Z,0.0135498046875
2024-09-02T15:09:48.658445802Z,0.01336669921875
2024-09-02T15:09:49.681846037Z,0.0136871337890625
2024-09-02T15:09:50.655118632Z,0.0119171142578125
2024-09-02T15:09:51.680156029Z,0.014007568359375
2024-09-02T15:09:52.689758585Z,0.0139007568359375
2024-09-02T15:09:53.674713539Z,0.0129241943359375
2024-09-02T15:09:54.721499957Z,0.0139617919921875
2024-09-02T15:09:55.697593158Z,0.014404296875
2024-09-02T15:09:56.715169029Z,0.01409912109375
2024-09-02T15:09:57.699298706Z,0.0121917724609375
2024-09-02T15:09:58.721626466Z,0.014404296875
2024-09-02T15:09:59.831995686Z,0.0137481689453125
2024-09-02T15:10:00.750319195Z,0.0127105712890625
2024-09-02T15:10:01.801566821Z,0.0139923095703125
2024-09-02T15:10:02.795691986Z,0.013946533203125
2024-09-02T15:10:03.853455662Z,0.0155181884765625
2024-09-02T15:10:04.826407225Z,0.01336669921875
2024-09-02T15:10:05.847861367Z,0.01251220703125
2024-09-02T15:10:06.84638087Z,0.013519287109375
2024-09-02T15:10:07.878094846Z,0.0135650634765625
2024-09-02T15:10:08.862230935Z,0.013214111328125
2024-09-02T15:10:09.849755894Z,0.015625
2024-09-02T15:10:10.894571965Z,0.014068603515625
2024-09-02T15:10:11.846415066Z,0.0137176513671875
2024-09-02T15:10:13.001081238Z,0.0136260986328125
2024-09-02T15:10:13.892530575Z,0.013031005859375
2024-09-02T15:10:14.920750841Z,0.01153564453125
2024-09-02T15:10:15.897567645Z,0.0127410888671875
2024-09-02T15:10:16.928504994Z,0.01153564453125
2024-09-02T15:10:17.968673653Z,0.0134124755859375
2024-09-02T15:10:18.932537166Z,0.013336181640625
2024-09-02T15:10:19.969133708Z,0.0128936767578125
2024-09-02T15:10:20.924541735Z,0.0122222900390625
2024-09-02T15:10:21.965745264Z,0.0131683349609375
2024-09-02T15:10:22.978647123Z,0.0122833251953125
2024-09-02T15:10:24.010492948Z,0.0128173828125
2024-09-02T15:10:25.014590371Z,0.014923095703125
2024-09-02T15:10:26.021501947Z,0.012115478515625
2024-09-02T15:10:27.111291898Z,0.0160369873046875
2024-09-02T15:10:28.049269603Z,0.01226806640625
2024-09-02T15:10:29.01655655Z,0.0151519775390625
2024-09-02T15:10:30.089499915Z,0.013336181640625
2024-09-02T15:10:31.025536804Z,0.01263427734375
2024-09-02T15:10:32.078398581Z,0.013153076171875
2024-09-02T15:10:33.082786038Z,0.0133819580078125
2024-09-02T15:10:34.106494031Z,0.012725830078125
2024-09-02T15:10:35.096463168Z,0.013397216796875
2024-09-02T15:10:36.118476475Z,0.013885498046875
2024-09-02T15:10:37.128723118Z,0.012359619140625
2024-09-02T15:10:38.161160038Z,0.0138092041015625
2024-09-02T15:10:39.262571957Z,0.013763427734375
2024-09-02T15:10:40.140774923Z,0.01385498046875
2024-09-02T15:10:41.165736839Z,0.0137481689453125
2024-09-02T15:10:42.160759015Z,0.0136566162109375
2024-09-02T15:10:43.241351854Z,0.0118408203125
2024-09-02T15:10:44.143657048Z,0.0134735107421875
2024-09-02T15:10:45.213466997Z,0.011962890625
2024-09-02T15:10:46.154477807Z,0.0131378173828125
2024-09-02T15:10:47.170490461Z,0.0135040283203125
2024-09-02T15:10:48.229451096Z,0.014984130859375
2024-09-02T15:10:49.197531621Z,0.0127410888671875
2024-09-02T15:10:50.203713488Z,0.013092041015625
2024-09-02T15:10:51.224508738Z,0.011871337890625
2024-09-02T15:10:52.217472816Z,0.0130462646484375
2024-09-02T15:10:53.481512584Z,0.0120697021484375
2024-09-02T15:10:54.205513825Z,0.0129241943359375
2024-09-02T15:10:55.2226182Z,0.013641357421875
2024-09-02T15:10:56.26455344Z,0.0126953125
2024-09-02T15:10:57.248366138Z,0.014129638671875
2024-09-02T15:10:58.244410725Z,0.01397705078125
2024-09-02T15:10:59.280695682Z,0.0118865966796875
2024-09-02T15:11:00.25824609Z,0.012115478515625
2024-09-02T15:11:01.273451443Z,0.013671875
2024-09-02T15:11:02.30688423Z,0.012908935546875
2024-09-02T15:11:03.317281664Z,0.0136871337890625
2024-09-02T15:11:04.327365186Z,0.011810302734375
2024-09-02T15:11:05.326564071Z,0.0117340087890625
2024-09-02T15:11:06.344652486Z,0.0136871337890625
2024-09-02T15:11:07.345695515Z,0.012969970703125
2024-09-02T15:11:08.349754782Z,0.0144500732421875
2024-09-02T15:11:09.354450848Z,0.0142974853515625
2024-09-02T15:11:10.319851549Z,0.012908935546875
2024-09-02T15:11:11.344735975Z,0.0125732421875
2024-09-02T15:11:12.389566271Z,0.0120086669921875
2024-09-02T15:11:13.350556192Z,0.0120391845703125
2024-09-02T15:11:14.375502679Z,0.01312255859375
2024-09-02T15:11:15.397129536Z,0.0142822265625
2024-09-02T15:11:16.391531925Z,0.0142822265625
2024-09-02T15:11:17.408313571Z,0.01373291015625
2024-09-02T15:11:18.420462386Z,0.013275146484375
2024-09-02T15:11:19.429655576Z,0.01318359375
2024-09-02T15:11:20.423532572Z,0.011688232421875
2024-09-02T15:11:21.377042655Z,0.01165771484375
2024-09-02T15:11:22.411632553Z,0.0118255615234375
2024-09-02T15:11:23.422462674Z,0.0151519775390625
2024-09-02T15:11:24.445597245Z,0.01373291015625
2024-09-02T15:11:25.44459868Z,0.01495361328125
2024-09-02T15:11:26.470698858Z,0.0115203857421875
2024-09-02T15:11:27.456878768Z,0.0142822265625
2024-09-02T15:11:28.4436656Z,0.0133056640625
2024-09-02T15:11:29.46971892Z,0.0128631591796875
2024-09-02T15:11:30.461692974Z,0.0126800537109375
2024-09-02T15:11:31.488809273Z,0.0118560791015625
2024-09-02T15:11:32.498924846Z,0.0125274658203125
2024-09-02T15:11:33.528695963Z,0.014129638671875
2024-09-02T15:11:34.498920674Z,0.0133209228515625
2024-09-02T15:11:35.523563098Z,0.0158538818359375
2024-09-02T15:11:36.532483991Z,0.0126953125
2024-09-02T15:11:37.533855463Z,0.0135650634765625
2024-09-02T15:11:38.511869859Z,0.0122222900390625
2024-09-02T15:11:39.540804268Z,0.0144500732421875
2024-09-02T15:11:40.546631905Z,0.0128631591796875
2024-09-02T15:11:41.567605214Z,0.0133056640625
2024-09-02T15:11:42.595012501Z,0.012298583984375
2024-09-02T15:11:43.573471047Z,0.013214111328125
2024-09-02T15:11:44.580308905Z,0.0125732421875
2024-09-02T15:11:45.620686335Z,0.013916015625
2024-09-02T15:11:46.61059208Z,0.0114898681640625
2024-09-02T15:11:47.641523013Z,0.01251220703125
2024-09-02T15:11:48.606772509Z,0.012908935546875
2024-09-02T15:11:49.589966093Z,0.0158538818359375
2024-09-02T15:11:50.621575722Z,0.01434326171875
2024-09-02T15:11:51.637600962Z,0.011505126953125
2024-09-02T15:11:52.616743445Z,0.012908935546875
2024-09-02T15:11:53.678397702Z,0.01336669921875
2024-09-02T15:11:54.668128931Z,0.0124359130859375
2024-09-02T15:11:55.660799806Z,0.0132293701171875
2024-09-02T15:11:56.680971318Z,0.0128631591796875
2024-09-02T15:11:57.680791019Z,0.0130462646484375
2024-09-02T15:11:58.708949381Z,0.01312255859375
2024-09-02T15:11:59.697796788Z,0.01422119140625
2024-09-02T15:12:00.704917607Z,0.0127716064453125
2024-09-02T15:12:01.703831089Z,0.01397705078125
2024-09-02T15:12:02.735568147Z,0.0145416259765625
2024-09-02T15:12:03.735399355Z,0.0115966796875
2024-09-02T15:12:04.77338084Z,0.01422119140625
2024-09-02T15:12:05.738563272Z,0.0129241943359375
2024-09-02T15:12:06.758566141Z,0.0135650634765625
2024-09-02T15:12:07.791325771Z,0.0121307373046875
2024-09-02T15:12:08.785125746Z,0.01416015625
2024-09-02T15:12:09.778944584Z,0.0130462646484375
2024-09-02T15:12:10.772413651Z,0.01300048828125
2024-09-02T15:12:11.794691347Z,0.0142974853515625
2024-09-02T15:12:12.811456284Z,0.0142059326171875
2024-09-02T15:12:13.834782239Z,0.0131683349609375
2024-09-02T15:12:14.85397857Z,0.0136566162109375
2024-09-02T15:12:15.857796702Z,0.01348876953125
2024-09-02T15:12:16.866857913Z,0.0128631591796875
2024-09-02T15:12:17.886493303Z,0.014129638671875
2024-09-02T15:12:18.870624302Z,0.014617919921875
2024-09-02T15:12:19.862557843Z,0.0140228271484375
2024-09-02T15:12:20.853729239Z,0.0136260986328125
2024-09-02T15:12:21.857726865Z,0.01214599609375
2024-09-02T15:12:22.92877328Z,0.014923095703125
2024-09-02T15:12:25.275605532Z,0.0139312744140625
2024-09-02T15:12:26.192710567Z,0.0139312744140625
2024-09-02T15:12:26.654723448Z,0.0137939453125
2024-09-02T15:12:27.184803006Z,0.0131683349609375
2024-09-02T15:12:27.901764859Z,0.0137786865234375
2024-09-02T15:12:28.911001314Z,0.013092041015625
2024-09-02T15:12:30.192505531Z,0.0128021240234375
2024-09-02T15:12:30.950918801Z,0.01446533203125
2024-09-02T15:12:32.113158504Z,0.0133056640625
2024-09-02T15:12:35.631723958Z,0.014312744140625
2024-09-02T15:12:35.633751105Z,0.01239013671875
2024-09-02T15:12:35.635655297Z,0.0119476318359375
2024-09-02T15:12:35.921281227Z,0.012786865234375
2024-09-02T15:12:37.006579818Z,0.0131683349609375
2024-09-02T15:12:38.027060576Z,0.01214599609375
2024-09-02T15:12:38.96110132Z,0.0144500732421875
2024-09-02T15:12:39.988517867Z,0.013214111328125
2024-09-02T15:12:40.995888583Z,0.0140380859375
2024-09-02T15:12:42.007654287Z,0.014312744140625
2024-09-02T15:12:43.033676222Z,0.012542724609375
2024-09-02T15:12:44.018447536Z,0.01275634765625
2024-09-02T15:12:45.058599927Z,0.013458251953125
2024-09-02T15:12:46.063197603Z,0.0131072998046875
2024-09-02T15:12:47.083632641Z,0.0111846923828125
2024-09-02T15:12:48.089451147Z,0.0130767822265625
2024-09-02T15:12:49.096701473Z,0.0131988525390625
2024-09-02T15:12:50.117622961Z,0.012298583984375
2024-09-02T15:12:51.100407834Z,0.012359619140625
2024-09-02T15:12:52.109648152Z,0.01068115234375
2024-09-02T15:12:53.123725294Z,0.0128173828125
2024-09-02T15:12:54.150695735Z,0.0121612548828125
2024-09-02T15:12:55.155584816Z,0.0120697021484375
2024-09-02T15:12:56.142590656Z,0.0140838623046875
2024-09-02T15:12:57.13444379Z,0.0122222900390625
2024-09-02T15:12:58.183498007Z,0.0124053955078125
2024-09-02T15:12:59.13151766Z,0.0120391845703125
2024-09-02T15:13:01.724560499Z,0.01312255859375
2024-09-02T15:13:02.712511558Z,0.013153076171875
2024-09-02T15:13:03.771271882Z,0.01336669921875
2024-09-02T15:13:04.834684028Z,0.0113067626953125
2024-09-02T15:13:05.790780066Z,0.0133209228515625
2024-09-02T15:13:06.767754129Z,0.013763427734375
2024-09-02T15:13:07.759192075Z,0.012908935546875
2024-09-02T15:13:08.758053077Z,0.0124359130859375
2024-09-02T15:13:09.919010189Z,0.013031005859375
2024-09-02T15:13:10.811107623Z,0.0112457275390625
2024-09-02T15:13:11.792118923Z,0.0142669677734375
2024-09-02T15:13:12.780234847Z,0.0119781494140625
2024-09-02T15:13:13.792531525Z,0.0114593505859375
2024-09-02T15:13:14.882224612Z,0.012725830078125
2024-09-02T15:13:15.836887705Z,0.013519287109375
2024-09-02T15:13:16.833308583Z,0.013671875
2024-09-02T15:13:17.849264464Z,0.012939453125
2024-09-02T15:13:18.867901874Z,0.0115203857421875
2024-09-02T15:13:19.840976018Z,0.0131072998046875
2024-09-02T15:13:20.860230394Z,0.0117645263671875
2024-09-02T15:13:21.839332238Z,0.0122528076171875
2024-09-02T15:13:24.229642409Z,0.012664794921875
2024-09-02T15:13:24.242532343Z,0.0133819580078125
2024-09-02T15:13:24.861357108Z,0.013031005859375
2024-09-02T15:13:25.897239928Z,0.0117645263671875
2024-09-02T15:13:27.056902254Z,0.0135498046875
2024-09-02T15:13:27.868250408Z,0.0137481689453125
2024-09-02T15:13:28.910372326Z,0.0127410888671875
2024-09-02T15:13:29.917506908Z,0.0125579833984375
2024-09-02T15:13:30.908799421Z,0.0114593505859375
2024-09-02T15:13:31.89852518Z,0.013458251953125
2024-09-02T15:13:32.931376937Z,0.0113372802734375
2024-09-02T15:13:33.973074508Z,0.0099334716796875
2024-09-02T15:13:34.943512858Z,0.0124969482421875
2024-09-02T15:13:35.965342866Z,0.0107879638671875
2024-09-02T15:13:36.946530986Z,0.01171875
2024-09-02T15:13:37.955546925Z,0.014007568359375
2024-09-02T15:13:38.998251129Z,0.0128936767578125
2024-09-02T15:13:39.990315787Z,0.011474609375
2024-09-02T15:13:40.987302219Z,0.0137176513671875
2024-09-02T15:13:41.993581592Z,0.011016845703125
2024-09-02T15:13:43.008327398Z,0.0128631591796875
2024-09-02T15:13:44.018800572Z,0.0102386474609375
2024-09-02T15:13:45.034474068Z,0.011688232421875
2024-09-02T15:13:46.036695806Z,0.013336181640625
2024-09-02T15:13:47.078581367Z,0.01104736328125
2024-09-02T15:13:48.025437321Z,0.0111846923828125
2024-09-02T15:13:49.072444643Z,0.0118865966796875
2024-09-02T15:13:50.073082238Z,0.01348876953125
2024-09-02T15:13:51.09335329Z,0.0133056640625
2024-09-02T15:13:52.093794824Z,0.010589599609375
2024-09-02T15:13:53.097113888Z,0.012542724609375
2024-09-02T15:13:54.123545809Z,0.0140838623046875
2024-09-02T15:13:55.104676867Z,0.0121002197265625
2024-09-02T15:13:56.127265159Z,0.0112457275390625
2024-09-02T15:13:57.12856596Z,0.0120849609375
2024-09-02T15:13:58.159494481Z,0.0113677978515625
2024-09-02T15:13:59.15425594Z,0.011260986328125
2024-09-02T15:14:00.161178987Z,0.0121307373046875
2024-09-02T15:14:01.177453927Z,0.013946533203125
2024-09-02T15:14:02.179889141Z,0.012237548828125
2024-09-02T15:14:03.18554197Z,0.0118255615234375
2024-09-02T15:14:04.200600618Z,0.0132904052734375
2024-09-02T15:14:05.194549689Z,0.0118560791015625
2024-09-02T15:14:06.205330627Z,0.0134124755859375
2024-09-02T15:14:07.223840515Z,0.0135345458984375
2024-09-02T15:14:08.311470726Z,0.01287841796875
2024-09-02T15:14:09.290381049Z,0.01025390625
2024-09-02T15:14:10.306741361Z,0.0131683349609375
2024-09-02T15:14:11.352162711Z,0.0103759765625
2024-09-02T15:14:12.321623153Z,0.0134124755859375
2024-09-02T15:14:13.337627451Z,0.01214599609375
2024-09-02T15:14:14.357133885Z,0.0113372802734375
2024-09-02T15:14:15.347240666Z,0.012603759765625
2024-09-02T15:14:16.347347256Z,0.0113983154296875
2024-09-02T15:14:17.377504363Z,0.01300048828125
2024-09-02T15:14:18.348394134Z,0.013427734375
2024-09-02T15:14:19.369437898Z,0.011138916015625
2024-09-02T15:14:20.377750299Z,0.0127105712890625
2024-09-02T15:14:21.393259369Z,0.0138702392578125
2024-09-02T15:14:22.398717701Z,0.0126800537109375
2024-09-02T15:14:23.413162136Z,0.0107574462890625
2024-09-02T15:14:24.419748887Z,0.0127410888671875
2024-09-02T15:14:25.441334373Z,0.013031005859375
2024-09-02T15:14:26.456602762Z,0.01312255859375
2024-09-02T15:14:27.467264206Z,0.0115203857421875
2024-09-02T15:14:28.495038092Z,0.0116729736328125
2024-09-02T15:14:29.467393227Z,0.0125885009765625
2024-09-02T15:14:30.502468817Z,0.0121917724609375
2024-09-02T15:14:31.524578949Z,0.01080322265625
2024-09-02T15:14:32.49750585Z,0.0125579833984375
2024-09-02T15:14:33.520926821Z,0.012420654296875
2024-09-02T15:14:34.809623155Z,0.011810302734375
2024-09-02T15:14:35.543867031Z,0.0125885009765625
2024-09-02T15:14:36.529266737Z,0.0128631591796875
2024-09-02T15:14:37.556757884Z,0.0118560791015625
2024-09-02T15:14:38.534573359Z,0.0139617919921875
2024-09-02T15:14:39.530817011Z,0.01177978515625
2024-09-02T15:14:40.536580714Z,0.0133209228515625
2024-09-02T15:14:41.544609901Z,0.011932373046875
2024-09-02T15:14:42.563156866Z,0.010467529296875
2024-09-02T15:14:43.587348942Z,0.013763427734375
2024-09-02T15:14:44.619469178Z,0.0124664306640625
2024-09-02T15:14:45.621094011Z,0.012542724609375
2024-09-02T15:14:46.624072261Z,0.012451171875
2024-09-02T15:14:47.629295395Z,0.012298583984375
2024-09-02T15:14:48.629737221Z,0.01287841796875
2024-09-02T15:14:49.666671597Z,0.0143280029296875
2024-09-02T15:14:50.655957033Z,0.014404296875
2024-09-02T15:14:51.695542759Z,0.0135040283203125
2024-09-02T15:14:52.6883956Z,0.01312255859375
2024-09-02T15:14:53.696792067Z,0.0120086669921875
2024-09-02T15:14:54.719381202Z,0.0109710693359375
2024-09-02T15:14:55.709571208Z,0.0127410888671875
2024-09-02T15:14:56.816424973Z,0.0111846923828125
2024-09-02T15:14:57.716509538Z,0.0117034912109375
2024-09-02T15:14:58.790677711Z,0.0124969482421875
2024-09-02T15:15:00.005541457Z,0.0120391845703125
2024-09-02T15:15:00.933560899Z,0.0139617919921875
2024-09-02T15:15:01.747692683Z,0.01300048828125
2024-09-02T15:15:02.843648464Z,0.012603759765625
2024-09-02T15:15:03.7655681Z,0.0115814208984375
2024-09-02T15:15:04.79448758Z,0.0117340087890625
2024-09-02T15:15:05.904877955Z,0.0111541748046875
2024-09-02T15:15:06.796185008Z,0.0125885009765625
2024-09-02T15:15:07.833656921Z,0.014434814453125
2024-09-02T15:15:08.895447294Z,0.011566162109375
2024-09-02T15:15:09.850870516Z,0.011474609375
2024-09-02T15:15:10.859717027Z,0.01239013671875
2024-09-02T15:15:11.968724647Z,0.00994873046875
2024-09-02T15:15:12.85880491Z,0.01361083984375
2024-09-02T15:15:13.810199896Z,0.01214599609375
2024-09-02T15:15:14.808616638Z,0.0127105712890625
2024-09-02T15:15:15.846569189Z,0.013336181640625
2024-09-02T15:15:16.801292588Z,0.01129150390625
2024-09-02T15:15:17.850494448Z,0.0127105712890625
2024-09-02T15:15:18.847589305Z,0.0137481689453125
2024-09-02T15:15:19.849668765Z,0.011260986328125
2024-09-02T15:15:20.90154138Z,0.0126190185546875
2024-09-02T15:15:21.852187828Z,0.011688232421875
2024-09-02T15:15:23.335426214Z,0.0120849609375
2024-09-02T15:15:24.549920867Z,0.0121612548828125
2024-09-02T15:15:24.944023748Z,0.0120697021484375
2024-09-02T15:15:26.462004482Z,0.013458251953125
2024-09-02T15:15:27.250118731Z,0.0132293701171875
2024-09-02T15:15:28.049994728Z,0.0131378173828125
2024-09-02T15:15:29.087055188Z,0.01312255859375
2024-09-02T15:15:30.200037401Z,0.0108642578125
2024-09-02T15:15:31.469874059Z,0.0124664306640625
2024-09-02T15:15:32.894107525Z,0.0101776123046875
2024-09-02T15:15:33.769710262Z,0.012603759765625
2024-09-02T15:15:35.383084212Z,0.012298583984375
2024-09-02T15:15:36.238225713Z,0.0115203857421875
2024-09-02T15:15:37.206068457Z,0.0145111083984375
2024-09-02T15:15:38.105115888Z,0.0128631591796875
2024-09-02T15:15:39.196235842Z,0.0117340087890625
2024-09-02T15:15:40.280147745Z,0.0119781494140625
2024-09-02T15:15:42.065895185Z,0.0126190185546875
2024-09-02T15:15:43.459055268Z,0.011627197265625
2024-09-02T15:15:44.704198298Z,0.0116729736328125
2024-09-02T15:15:44.713241168Z,0.0132598876953125
2024-09-02T15:15:46.000948602Z,0.015472412109375
2024-09-02T15:15:47.428062645Z,0.0141143798828125
2024-09-02T15:15:47.429853626Z,0.01220703125
2024-09-02T15:15:48.532033203Z,0.0129241943359375
2024-09-02T15:15:49.918203519Z,0.014007568359375
2024-09-02T15:15:51.437961188Z,0.0120849609375
2024-09-02T15:15:52.279477257Z,0.0116424560546875
2024-09-02T15:15:52.281721825Z,0.0111846923828125
2024-09-02T15:15:53.113731443Z,0.01220703125
2024-09-02T15:15:54.556380977Z,0.011474609375
2024-09-02T15:15:55.645316393Z,0.011688232421875
2024-09-02T15:15:56.621533475Z,0.0105438232421875
2024-09-02T15:15:57.557070476Z,0.009735107421875
2024-09-02T15:15:59.198353384Z,0.0121002197265625
2024-09-02T15:15:59.69377586Z,0.013519287109375
2024-09-02T15:16:01.401976319Z,0.011962890625
2024-09-02T15:16:01.404262003Z,0.0104827880859375
2024-09-02T15:16:02.655449689Z,0.0126953125
2024-09-02T15:16:03.355709055Z,0.0108184814453125
2024-09-02T15:16:11.938176343Z,0.0113983154296875
2024-09-02T15:16:11.940329863Z,0.01129150390625
2024-09-02T15:16:12.211090449Z,0.0116119384765625
2024-09-02T15:16:12.212869931Z,0.0118408203125
2024-09-02T15:16:12.214931194Z,0.009765625
2024-09-02T15:16:12.508092958Z,0.0122222900390625
2024-09-02T15:16:12.510303321Z,0.0122222900390625
2024-09-02T15:16:12.512370822Z,0.0113067626953125
2024-09-02T15:16:12.792027563Z,0.0113983154296875
2024-09-02T15:16:12.795236982Z,0.01129150390625
2024-09-02T15:16:12.798663536Z,0.0116119384765625
2024-09-02T15:16:12.801181569Z,0.0098876953125
2024-09-02T15:16:12.803265414Z,0.0114593505859375
2024-09-02T15:16:13.279122388Z,0.009246826171875
2024-09-02T15:16:14.221761747Z,0.0097808837890625
2024-09-02T15:16:15.252342803Z,0.01171875
2024-09-02T15:16:16.248151371Z,0.0118865966796875
2024-09-02T15:16:17.261174351Z,0.01068115234375
2024-09-02T15:16:18.27824957Z,0.0103607177734375
2024-09-02T15:16:19.291238004Z,0.0100250244140625
2024-09-02T15:16:20.308969727Z,0.0109405517578125
2024-09-02T15:16:21.284409934Z,0.0109405517578125
2024-09-02T15:16:22.297936012Z,0.01068115234375
2024-09-02T15:16:23.414504847Z,0.010406494140625
2024-09-02T15:16:24.40639503Z,0.01287841796875
2024-09-02T15:16:25.610676402Z,0.012176513671875
2024-09-02T15:16:26.402810651Z,0.010894775390625
2024-09-02T15:16:27.474675098Z,0.0087890625
2024-09-02T15:16:28.428854807Z,0.011138916015625
2024-09-02T15:16:29.443797624Z,0.0125885009765625
2024-09-02T15:16:30.415822513Z,0.01031494140625
2024-09-02T15:16:31.451615884Z,0.0099945068359375
2024-09-02T15:16:32.439583312Z,0.0124053955078125
2024-09-02T15:16:33.454542792Z,0.0119171142578125
2024-09-02T15:16:34.426998718Z,0.010528564453125
2024-09-02T15:16:35.503083114Z,0.0101318359375
2024-09-02T15:16:36.537819045Z,0.0118408203125
2024-09-02T15:16:37.504179978Z,0.0117645263671875
2024-09-02T15:16:38.526511312Z,0.0101318359375
2024-09-02T15:16:39.526678049Z,0.010650634765625
2024-09-02T15:16:40.509691432Z,0.0103607177734375
2024-09-02T15:16:41.499806358Z,0.01068115234375
2024-09-02T15:16:42.544581566Z,0.0114288330078125
2024-09-02T15:16:43.537531525Z,0.0109405517578125
2024-09-02T15:16:44.658655823Z,0.0113983154296875
2024-09-02T15:16:45.572259318Z,0.0120086669921875
2024-09-02T15:16:46.52536068Z,0.0098419189453125
2024-09-02T15:16:47.51951522Z,0.0103759765625
2024-09-02T15:16:48.524819021Z,0.0086669921875
2024-09-02T15:16:49.539780114Z,0.0105743408203125
2024-09-02T15:16:50.573269698Z,0.009307861328125
2024-09-02T15:16:51.552932073Z,0.0112457275390625
2024-09-02T15:16:52.579061495Z,0.0086669921875
2024-09-02T15:16:53.568918635Z,0.0106353759765625
2024-09-02T15:16:54.57024542Z,0.0107574462890625
2024-09-02T15:16:55.565145222Z,0.012725830078125
2024-09-02T15:16:56.595817859Z,0.0134124755859375
2024-09-02T15:16:57.614906087Z,0.0129547119140625
2024-09-02T15:16:58.609162027Z,0.0119171142578125
2024-09-02T15:16:59.644255463Z,0.01220703125
2024-09-02T15:17:00.650862153Z,0.0118408203125
2024-09-02T15:17:01.628211803Z,0.013458251953125
2024-09-02T15:17:02.641860521Z,0.012115478515625
2024-09-02T15:17:03.622805498Z,0.0115509033203125
2024-09-02T15:17:04.657392461Z,0.0126495361328125
2024-09-02T15:17:06.172283353Z,0.0125579833984375
2024-09-02T15:17:06.782186573Z,0.011199951171875
2024-09-02T15:17:07.784005216Z,0.0114898681640625
2024-09-02T15:17:08.713614043Z,0.0120697021484375
2024-09-02T15:17:09.732966131Z,0.011749267578125
2024-09-02T15:17:10.685354214Z,0.0122528076171875
2024-09-02T15:17:11.698169299Z,0.01202392578125
2024-09-02T15:17:12.71713196Z,0.012664794921875
2024-09-02T15:17:13.745011939Z,0.0115966796875
2024-09-02T15:17:14.712928338Z,0.013458251953125
2024-09-02T15:17:15.72172956Z,0.0110015869140625
2024-09-02T15:17:16.68343874Z,0.0110015869140625
2024-09-02T15:17:17.708990227Z,0.0123443603515625
2024-09-02T15:17:18.684922383Z,0.0113372802734375
2024-09-02T15:17:19.722184662Z,0.0125579833984375
2024-09-02T15:17:20.717076314Z,0.011016845703125
2024-09-02T15:17:21.71373164Z,0.012786865234375
2024-09-02T15:17:22.729954456Z,0.0126953125
2024-09-02T15:17:24.909923738Z,0.010498046875
2024-09-02T15:17:24.911738128Z,0.012664794921875
2024-09-02T15:17:25.716881166Z,0.0100860595703125
2024-09-02T15:17:26.718191097Z,0.011474609375
2024-09-02T15:17:27.718086737Z,0.013458251953125
2024-09-02T15:17:28.740022846Z,0.0117034912109375
2024-09-02T15:17:29.729148497Z,0.01025390625
2024-09-02T15:17:30.748075689Z,0.0108184814453125
2024-09-02T15:17:31.750161255Z,0.0115203857421875
2024-09-02T15:17:32.74942655Z,0.0102386474609375
2024-09-02T15:17:33.768970711Z,0.01239013671875
2024-09-02T15:17:34.786276015Z,0.0118408203125
2024-09-02T15:17:35.786060737Z,0.0121002197265625
2024-09-02T15:17:36.770524109Z,0.012176513671875
2024-09-02T15:17:37.770000559Z,0.010528564453125
2024-09-02T15:17:38.809278942Z,0.0117034912109375
2024-09-02T15:17:39.836139752Z,0.0095367431640625
2024-09-02T15:17:40.825994789Z,0.0126953125
2024-09-02T15:17:43.281874585Z,0.0117950439453125
2024-09-02T15:17:43.284145924Z,0.0123138427734375
2024-09-02T15:17:43.894896863Z,0.0129547119140625
2024-09-02T15:17:44.880093578Z,0.011383056640625
2024-09-02T15:17:45.927239876Z,0.01165771484375
2024-09-02T15:17:46.91986967Z,0.0124359130859375
2024-09-02T15:17:47.919473651Z,0.0106964111328125
2024-09-02T15:17:48.98360114Z,0.011871337890625
2024-09-02T15:17:49.969193432Z,0.0125579833984375
2024-09-02T15:17:50.97603881Z,0.0106353759765625
2024-09-02T15:17:51.968054982Z,0.011199951171875
2024-09-02T15:17:52.9590208Z,0.0124359130859375
2024-09-02T15:17:53.958125469Z,0.0101470947265625
2024-09-02T15:17:54.966840971Z,0.011932373046875
2024-09-02T15:17:55.953931368Z,0.011444091796875
2024-09-02T15:17:56.970218371Z,0.01397705078125
2024-09-02T15:17:57.96708353Z,0.0123138427734375
2024-09-02T15:17:58.999176436Z,0.0121917724609375
2024-09-02T15:17:59.990026105Z,0.0132904052734375
2024-09-02T15:18:01.052280625Z,0.0135498046875
2024-09-02T15:18:02.022572647Z,0.011474609375
2024-09-02T15:18:03.029639719Z,0.013275146484375
2024-09-02T15:18:04.049591848Z,0.011322021484375
2024-09-02T15:18:05.212773028Z,0.0142059326171875
2024-09-02T15:18:06.050742693Z,0.0115203857421875
2024-09-02T15:18:07.053607143Z,0.0109710693359375
2024-09-02T15:18:08.062533233Z,0.0131378173828125
2024-09-02T15:18:09.052914245Z,0.0117034912109375
2024-09-02T15:18:10.043773286Z,0.0116729736328125
2024-09-02T15:18:11.092297788Z,0.01129150390625
2024-09-02T15:18:12.081613579Z,0.0110015869140625
2024-09-02T15:18:13.064578723Z,0.012451171875
2024-09-02T15:18:14.100466254Z,0.0109405517578125
2024-09-02T15:18:15.064589113Z,0.0129241943359375
2024-09-02T15:18:16.103954653Z,0.01239013671875
2024-09-02T15:18:17.077339602Z,0.0128936767578125
2024-09-02T15:18:18.094715656Z,0.011474609375
2024-09-02T15:18:19.113661749Z,0.0097808837890625
2024-09-02T15:18:20.124643075Z,0.0124969482421875
2024-09-02T15:18:21.134473771Z,0.010833740234375
2024-09-02T15:18:22.139732455Z,0.011383056640625
2024-09-02T15:18:23.133461291Z,0.0124664306640625
2024-09-02T15:18:24.144494124Z,0.0123748779296875
2024-09-02T15:18:25.150505537Z,0.0098419189453125
2024-09-02T15:18:26.142539072Z,0.0120086669921875
2024-09-02T15:18:27.164441769Z,0.0124053955078125
2024-09-02T15:18:28.191412454Z,0.0100250244140625
2024-09-02T15:18:29.1914536Z,0.0139617919921875
2024-09-02T15:18:30.163599485Z,0.0110321044921875
2024-09-02T15:18:31.185448831Z,0.0110626220703125
2024-09-02T15:18:32.22043909Z,0.0140380859375
2024-09-02T15:18:33.251367916Z,0.010711669921875
2024-09-02T15:18:34.295579489Z,0.0112152099609375
2024-09-02T15:18:35.35865448Z,0.0120697021484375
2024-09-02T15:18:36.28332169Z,0.0107879638671875
2024-09-02T15:18:37.300203895Z,0.011566162109375
2024-09-02T15:18:38.304620051Z,0.0083465576171875
2024-09-02T15:18:39.344493118Z,0.012542724609375
2024-09-02T15:18:40.523800511Z,0.0108184814453125
2024-09-02T15:18:41.307755365Z,0.011871337890625
2024-09-02T15:18:42.340598652Z,0.0107879638671875
2024-09-02T15:18:43.404305683Z,0.0101470947265625
2024-09-02T15:18:44.379430736Z,0.0123748779296875
2024-09-02T15:18:45.415487821Z,0.011810302734375
2024-09-02T15:18:46.406348096Z,0.01287841796875
2024-09-02T15:18:47.402878449Z,0.011932373046875
2024-09-02T15:18:48.427419382Z,0.010650634765625
2024-09-02T15:18:49.420639869Z,0.01318359375
2024-09-02T15:18:50.414489912Z,0.0115966796875
2024-09-02T15:18:51.439810549Z,0.0126953125
2024-09-02T15:18:52.443556863Z,0.01226806640625
2024-09-02T15:18:53.458423655Z,0.0111083984375
2024-09-02T15:18:54.405033588Z,0.010223388671875
2024-09-02T15:18:55.495336253Z,0.0102386474609375
2024-09-02T15:18:56.488684683Z,0.010833740234375
2024-09-02T15:18:57.4718232Z,0.01129150390625
2024-09-02T15:18:58.508409991Z,0.0111236572265625
2024-09-02T15:18:59.48572499Z,0.01190185546875
2024-09-02T15:19:00.48678274Z,0.0120391845703125
2024-09-02T15:19:01.553380848Z,0.012420654296875
2024-09-02T15:19:02.491560216Z,0.010040283203125
2024-09-02T15:19:03.59221839Z,0.012298583984375
2024-09-02T15:19:04.524290146Z,0.0117340087890625
2024-09-02T15:19:05.548676717Z,0.0101776123046875
2024-09-02T15:19:06.581687072Z,0.0118408203125
2024-09-02T15:19:07.582518704Z,0.0111846923828125
2024-09-02T15:19:08.589692258Z,0.0118408203125
2024-09-02T15:19:09.690856536Z,0.010650634765625
2024-09-02T15:19:10.543528219Z,0.0128173828125
2024-09-02T15:19:11.614474007Z,0.0133056640625
2024-09-02T15:19:12.604847281Z,0.0137481689453125
2024-09-02T15:19:13.590240091Z,0.011260986328125
2024-09-02T15:19:14.632429475Z,0.015411376953125
2024-09-02T15:19:15.643810854Z,0.012603759765625
2024-09-02T15:19:16.697924618Z,0.01055908203125
2024-09-02T15:19:17.668787808Z,0.012115478515625
2024-09-02T15:19:18.658725522Z,0.0123443603515625
2024-09-02T15:19:19.721183174Z,0.011627197265625
2024-09-02T15:19:20.770481932Z,0.01287841796875
2024-09-02T15:19:21.698856029Z,0.0113067626953125
2024-09-02T15:19:22.763597553Z,0.0110321044921875
2024-09-02T15:19:23.764582136Z,0.0111236572265625
2024-09-02T15:19:24.735556317Z,0.0115203857421875
2024-09-02T15:19:25.916534396Z,0.0139312744140625
2024-09-02T15:19:26.811852022Z,0.01153564453125
2024-09-02T15:19:27.731090731Z,0.01220703125
2024-09-02T15:19:28.720882728Z,0.013702392578125
2024-09-02T15:19:29.772608901Z,0.012847900390625
2024-09-02T15:19:30.742664921Z,0.01165771484375
2024-09-02T15:19:31.791004233Z,0.0127410888671875
2024-09-02T15:19:32.785781782Z,0.012237548828125
2024-09-02T15:19:33.779613718Z,0.0110931396484375
2024-09-02T15:19:34.838899804Z,0.0115966796875
2024-09-02T15:19:35.84834359Z,0.0107879638671875
2024-09-02T15:19:36.816799464Z,0.013153076171875
2024-09-02T15:19:37.810893747Z,0.013458251953125
2024-09-02T15:19:38.814991011Z,0.0110931396484375
2024-09-02T15:19:39.963257097Z,0.01153564453125
2024-09-02T15:19:40.84754285Z,0.0123443603515625
2024-09-02T15:19:41.858600075Z,0.009979248046875
2024-09-02T15:19:42.846734194Z,0.0113677978515625
2024-09-02T15:19:43.898881813Z,0.014923095703125
2024-09-02T15:19:44.850527454Z,0.0122528076171875
2024-09-02T15:19:45.881481472Z,0.012176513671875
2024-09-02T15:19:47.010233622Z,0.0136566162109375
2024-09-02T15:19:47.82383037Z,0.012176513671875
2024-09-02T15:19:48.849541965Z,0.011932373046875
2024-09-02T15:19:49.976693208Z,0.011199951171875
2024-09-02T15:19:50.904608487Z,0.01080322265625
2024-09-02T15:19:51.93639706Z,0.0116729736328125
2024-09-02T15:19:52.87045818Z,0.0121612548828125
2024-09-02T15:19:54.191760295Z,0.0123291015625
2024-09-02T15:19:54.917860769Z,0.0116119384765625
2024-09-02T15:19:55.994557619Z,0.0114288330078125
2024-09-02T15:19:57.00560414Z,0.013275146484375
2024-09-02T15:19:57.971639939Z,0.0132293701171875
2024-09-02T15:19:58.986708774Z,0.0121002197265625
2024-09-02T15:20:00.055445985Z,0.013275146484375
2024-09-02T15:20:01.083376585Z,0.011627197265625
2024-09-02T15:20:02.014527319Z,0.0130157470703125
2024-09-02T15:20:03.134333583Z,0.0109100341796875
2024-09-02T15:20:04.04834157Z,0.0125885009765625
2024-09-02T15:20:04.980561128Z,0.012298583984375
2024-09-02T15:20:06.045696897Z,0.010711669921875
2024-09-02T15:20:07.065444811Z,0.012420654296875
2024-09-02T15:20:08.093355358Z,0.0130615234375
2024-09-02T15:20:09.074512157Z,0.011444091796875
2024-09-02T15:20:10.70981469Z,0.008697509765625
2024-09-02T15:20:11.988617917Z,0.01019287109375
2024-09-02T15:20:12.654523068Z,0.010101318359375
2024-09-02T15:20:13.719945424Z,0.0100555419921875
2024-09-02T15:20:14.417517859Z,0.0136566162109375
2024-09-02T15:20:15.135716345Z,0.009796142578125
2024-09-02T15:20:16.251468023Z,0.0096893310546875
2024-09-02T15:20:17.215471405Z,0.009979248046875
2024-09-02T15:20:18.221187026Z,0.009918212890625
2024-09-02T15:20:19.17156679Z,0.012298583984375
2024-09-02T15:20:20.184350667Z,0.0110321044921875
2024-09-02T15:20:21.173582294Z,0.010406494140625
2024-09-02T15:20:22.181667077Z,0.012847900390625
2024-09-02T15:20:23.194526363Z,0.01214599609375
2024-09-02T15:20:24.198809759Z,0.013671875
2024-09-02T15:20:25.222523263Z,0.012451171875
2024-09-02T15:20:26.207540296Z,0.01251220703125
2024-09-02T15:20:27.254787326Z,0.0117034912109375
2024-09-02T15:20:28.267549676Z,0.011383056640625
2024-09-02T15:20:29.253478693Z,0.0131988525390625
2024-09-02T15:20:30.243705635Z,0.010284423828125
2024-09-02T15:20:31.282516721Z,0.0105438232421875
2024-09-02T15:20:32.281717431Z,0.0097808837890625
2024-09-02T15:20:33.326723314Z,0.0123443603515625
2024-09-02T15:20:34.3032632Z,0.0125885009765625
2024-09-02T15:20:35.405177359Z,0.0101165771484375
2024-09-02T15:20:36.374393201Z,0.011016845703125
2024-09-02T15:20:37.347620993Z,0.01263427734375
2024-09-02T15:20:38.361410152Z,0.011993408203125
2024-09-02T15:20:39.328602669Z,0.010406494140625
2024-09-02T15:20:40.357459005Z,0.0097198486328125
2024-09-02T15:20:41.357355985Z,0.011749267578125
2024-09-02T15:20:42.391337749Z,0.0128021240234375
2024-09-02T15:20:43.517410694Z,0.010711669921875
2024-09-02T15:20:44.948508766Z,0.0112152099609375
2024-09-02T15:20:45.45858602Z,0.0115966796875
2024-09-02T15:20:46.511606451Z,0.0096282958984375
2024-09-02T15:20:47.524918952Z,0.0113983154296875
2024-09-02T15:20:48.476615601Z,0.011810302734375
2024-09-02T15:20:49.482636661Z,0.011749267578125
2024-09-02T15:20:50.478089607Z,0.011962890625
2024-09-02T15:20:51.477079386Z,0.0111236572265625
2024-09-02T15:20:52.492777319Z,0.0111846923828125
2024-09-02T15:20:54.094182763Z,0.0116119384765625
2024-09-02T15:20:54.49828341Z,0.0111541748046875
2024-09-02T15:20:55.489247261Z,0.047515869140625
2024-09-02T15:20:56.512271394Z,-0.0160064697265625
2024-09-02T15:20:57.503238994Z,-0.0160064697265625
2024-09-02T15:20:58.505150737Z,-0.019256591796875
2024-09-02T15:20:59.496957618Z,-0.0171051025390625
2024-09-02T15:21:00.540632474Z,-0.017486572265625
2024-09-02T15:21:01.529169383Z,-0.0167388916015625
2024-09-02T15:21:02.548930624Z,-0.0176239013671875
2024-09-02T15:21:03.549071809Z,-0.0177459716796875
2024-09-02T15:21:04.549028214Z,-0.0194549560546875
2024-09-02T15:21:05.575019172Z,-0.0181732177734375
2024-09-02T15:21:06.56503854Z,-0.0170745849609375
2024-09-02T15:21:07.58987408Z,-0.0188751220703125
2024-09-02T15:21:08.579991616Z,-0.0189971923828125
2024-09-02T15:21:09.580540339Z,-0.0178680419921875
2024-09-02T15:21:10.640197886Z,-0.0158538818359375
2024-09-02T15:21:11.652124409Z,-0.0188751220703125
2024-09-02T15:21:12.617788819Z,-0.0181121826171875
2024-09-02T15:21:13.629872728Z,-0.0165863037109375
2024-09-02T15:21:14.651327781Z,-0.0152587890625
2024-09-02T15:21:15.632810358Z,-0.0135650634765625
2024-09-02T15:21:16.617289336Z,-0.016265869140625
2024-09-02T15:21:17.623901301Z,-0.0162506103515625
2024-09-02T15:21:18.635935066Z,-0.0169677734375
2024-09-02T15:21:19.632159226Z,-0.0151824951171875
2024-09-02T15:21:20.665391088Z,-0.017242431640625
2024-09-02T15:21:21.66478101Z,-0.0160369873046875
2024-09-02T15:21:22.662568303Z,-0.0162811279296875
2024-09-02T15:21:23.655139095Z,-0.0169677734375
2024-09-02T15:21:24.684735363Z,-0.017791748046875
2024-09-02T15:21:25.666874073Z,-0.0224609375
2024-09-02T15:21:26.696807952Z,-0.0212249755859375
2024-09-02T15:21:27.722283492Z,-0.019805908203125
2024-09-02T15:21:28.732074057Z,-0.0193023681640625
2024-09-02T15:21:29.717179393Z,-0.0216217041015625
2024-09-02T15:21:30.708118937Z,-0.0192108154296875
2024-09-02T15:21:31.720344061Z,-0.0184173583984375
2024-09-02T15:21:32.760263149Z,-0.0210418701171875
2024-09-02T15:21:33.768201855Z,-0.02197265625
2024-09-02T15:21:34.757070425Z,-0.020538330078125
2024-09-02T15:21:35.784188394Z,-0.021331787109375
2024-09-02T15:21:36.777646945Z,-0.0234527587890625
2024-09-02T15:21:37.757201819Z,-0.021759033203125
2024-09-02T15:21:38.777461987Z,-0.021881103515625
2024-09-02T15:21:39.748382552Z,-0.0205078125
2024-09-02T15:21:40.788119514Z,-0.019775390625
2024-09-02T15:21:41.817401422Z,-0.022857666015625
2024-09-02T15:21:42.787102474Z,-0.02093505859375
2024-09-02T15:21:43.827216593Z,-0.0213165283203125
2024-09-02T15:21:44.849583217Z,-0.02349853515625
2024-09-02T15:21:45.851087017Z,-0.024139404296875
2024-09-02T15:21:46.847462693Z,-0.0222625732421875
2024-09-02T15:21:47.873956996Z,-0.0228729248046875
2024-09-02T15:21:48.880118596Z,-0.0234832763671875
2024-09-02T15:21:49.874114423Z,-0.0221405029296875
2024-09-02T15:21:50.816764682Z,-0.02130126953125
2024-09-02T15:21:51.877756573Z,-0.02392578125
2024-09-02T15:21:52.892558565Z,-0.0224609375
2024-09-02T15:21:53.881285263Z,-0.023681640625
2024-09-02T15:21:54.891595956Z,-0.02142333984375
2024-09-02T15:21:55.929903195Z,-0.0222930908203125
2024-09-02T15:21:56.93029449Z,-0.0229339599609375
2024-09-02T15:21:57.928322775Z,-0.0198516845703125
2024-09-02T15:21:58.928342814Z,-0.020294189453125
2024-09-02T15:21:59.908382475Z,-0.021759033203125
2024-09-02T15:22:00.914223651Z,-0.022796630859375
2024-09-02T15:22:01.912115737Z,-0.0189056396484375
2024-09-02T15:22:02.915923256Z,-0.0211944580078125
2024-09-02T15:22:03.956951913Z,-0.0220489501953125
2024-09-02T15:22:04.936251785Z,-0.0233001708984375
2024-09-02T15:22:05.935558928Z,-0.0234527587890625
2024-09-02T15:22:06.972098316Z,-0.020263671875
2024-09-02T15:22:07.984253245Z,-0.0228118896484375
2024-09-02T15:22:08.971722704Z,-0.0216064453125
2024-09-02T15:22:09.959400703Z,-0.0220947265625
2024-09-02T15:22:10.97206572Z,-0.0248260498046875
2024-09-02T15:22:11.9771407Z,-0.0237579345703125
2024-09-02T15:22:12.982871933Z,-0.0240478515625
2024-09-02T15:22:13.984009585Z,-0.02081298828125
2024-09-02T15:22:15.007814633Z,-0.0208587646484375
2024-09-02T15:22:16.092648926Z,-0.020355224609375
2024-09-02T15:22:17.011489559Z,-0.016510009765625
2024-09-02T15:22:18.020618844Z,-0.0174102783203125
2024-09-02T15:22:19.050005882Z,-0.018951416015625
2024-09-02T15:22:20.0432757Z,-0.0189208984375
2024-09-02T15:22:21.064098206Z,-0.01885986328125
2024-09-02T15:22:22.063850382Z,-0.018890380859375
2024-09-02T15:22:23.06317118Z,-0.0187835693359375
2024-09-02T15:22:24.063025036Z,-0.0197296142578125
2024-09-02T15:22:25.083048629Z,-0.0188140869140625
2024-09-02T15:22:26.091061122Z,-0.01922607421875
2024-09-02T15:22:27.109050773Z,-0.0196533203125
2024-09-02T15:22:28.09300401Z,-0.020965576171875
2024-09-02T15:22:29.133301932Z,-0.019287109375
2024-09-02T15:22:30.113155459Z,-0.0189208984375
2024-09-02T15:22:31.13947238Z,-0.020355224609375
2024-09-02T15:22:32.144100107Z,-0.0202789306640625
2024-09-02T15:22:33.123592408Z,-0.017913818359375
2024-09-02T15:22:34.15286146Z,-0.0195770263671875
2024-09-02T15:22:35.172012629Z,-0.01806640625
2024-09-02T15:22:36.192990924Z,-0.0210418701171875
2024-09-02T15:22:37.180114391Z,-0.0196990966796875
2024-09-02T15:22:38.213001242Z,-0.0203857421875
2024-09-02T15:22:39.208595667Z,-0.01708984375
2024-09-02T15:22:40.191977311Z,-0.019317626953125
2024-09-02T15:22:41.230022587Z,-0.017730712890625
2024-09-02T15:22:42.231260085Z,-0.0187530517578125
2024-09-02T15:22:43.220121643Z,-0.0204010009765625
