Timestamp,X,Y,Z
20240728013223,-0.01,0.95,0.11
20240728013224,-0.02,0.95,0.11
20240728013225,-0.02,0.95,0.11
20240728013226,-0.02,0.95,0.11
20240728013227,-0.02,0.95,0.11
20240728013228,-0.01,0.95,0.12
20240728013229,-0.01,0.96,0.05
20240728013230,-0.01,0.96,0.10
20240728013231,-0.01,0.96,0.06
20240728013232,-0.01,0.96,0.07
20240728013233,-0.01,0.96,0.07
20240728013234,-0.01,0.96,0.08
20240728013235,-0.01,0.96,0.07
20240728013236,-0.02,0.95,0.11
20240728013237,-0.01,0.96,0.07
20240728013238,-0.01,0.96,0.07
20240728013239,-0.00,0.95,0.07
20240728013240,-0.01,0.96,0.08
20240728013241,-0.01,0.96,0.07
20240728013242,-0.01,0.96,0.07
20240728013243,-0.01,0.96,0.07
20240728013244,-0.01,0.96,0.07
20240728013245,-0.01,0.96,0.07
20240728013246,-0.01,0.96,0.07
20240728013247,-0.01,0.96,0.07
20240728013248,-0.01,0.96,0.07
20240728013249,-0.01,0.96,0.07
20240728013250,-0.01,0.96,0.07
20240728013251,-0.01,0.95,0.07
20240728013252,-0.01,0.96,0.07
20240728013253,-0.01,0.96,0.07
20240728013254,-0.01,0.96,0.07
20240728013255,-0.01,0.96,0.07
20240728013256,-0.01,0.95,0.07
20240728013257,-0.01,0.96,0.07
20240728013258,-0.01,0.96,0.07
20240728013259,-0.01,0.96,0.07
20240728013300,-0.01,0.96,0.07
20240728013301,-0.01,0.96,0.07
20240728013302,-0.01,0.96,0.07
20240728013303,-0.01,0.96,0.05
20240728013304,-0.02,0.95,0.10
20240728013305,-0.02,0.95,0.09
20240728013306,-0.02,0.95,0.08
20240728013307,0.00,0.95,0.08
20240728013308,-0.01,0.96,0.07
20240728013309,-0.01,0.96,0.07
20240728013310,-0.01,0.96,0.07
20240728013311,-0.01,0.96,0.07
20240728013312,-0.01,0.96,0.07
20240728013313,-0.01,0.96,0.07
20240728013314,-0.01,0.96,0.07
20240728013315,-0.01,0.96,0.07
20240728013316,-0.01,0.96,0.07
20240728013317,-0.01,0.96,0.07
20240728013318,-0.01,0.96,0.07
20240728013319,-0.01,0.96,0.07
20240728013320,-0.01,0.96,0.07
20240728013321,-0.01,0.96,0.07
20240728013322,-0.01,0.96,0.07
20240728013323,-0.01,0.96,0.07
20240728013324,-0.01,0.96,0.07
20240728013325,-0.01,0.96,0.07
20240728013326,-0.01,0.96,0.07
20240728013327,-0.01,0.96,0.07
20240728013328,-0.01,0.96,0.07
20240728013329,-0.01,0.96,0.07
20240728013330,-0.01,0.96,0.07
20240728013331,-0.01,0.96,0.07
20240728013332,-0.01,0.96,0.07
20240728013333,-0.01,0.96,0.07
20240728013334,-0.01,0.96,0.07
20240728013335,-0.01,0.96,0.07
20240728013336,-0.01,0.96,0.07
20240728013337,-0.01,0.96,0.07
20240728013338,-0.01,0.96,0.07
20240728013339,-0.01,0.96,0.07
20240728013340,-0.01,0.96,0.07
20240728013341,-0.01,0.96,0.07
20240728013342,-0.01,0.96,0.07
20240728013343,-0.01,0.96,0.07
20240728013344,-0.01,0.96,0.07
20240728013345,-0.01,0.96,0.07
20240728013346,-0.01,0.95,0.07
20240728013347,-0.01,0.96,0.07
20240728013348,-0.01,0.96,0.07
20240728013349,-0.01,0.96,0.07
20240728013350,-0.01,0.96,0.07
20240728013351,-0.01,0.96,0.07
20240728013352,-0.01,0.96,0.07
20240728013353,-0.01,0.96,0.07
20240728013354,-0.01,0.96,0.07
20240728013355,-0.01,0.96,0.07
20240728013356,-0.01,0.96,0.07
20240728013357,-0.01,0.96,0.07
20240728013358,-0.01,0.96,0.07
20240728013359,-0.01,0.96,0.07
20240728013400,-0.01,0.96,0.07
20240728013401,-0.01,0.96,0.07
20240728013402,-0.01,0.96,0.07
20240728013403,-0.01,0.96,0.07
20240728013404,-0.01,0.96,0.07
20240728013405,-0.01,0.96,0.07
20240728013406,-0.01,0.96,0.07
20240728013407,-0.01,0.96,0.07
20240728013408,-0.01,0.95,0.07
20240728013409,-0.01,0.96,0.07
20240728013410,-0.01,0.96,0.07
20240728013411,-0.01,0.96,0.07
20240728013412,-0.01,0.96,0.07
20240728013413,-0.01,0.96,0.07
20240728013414,-0.01,0.96,0.07
20240728013415,-0.01,0.96,0.07
20240728013416,-0.01,0.96,0.07
20240728013417,-0.01,0.96,0.07
20240728013418,-0.01,0.96,0.07
20240728013419,-0.01,0.96,0.07
20240728013420,-0.01,0.96,0.07
20240728013421,-0.01,0.96,0.07
20240728013422,-0.01,0.96,0.07
20240728013423,-0.01,0.96,0.07
20240728013424,-0.01,0.96,0.07
20240728013425,-0.01,0.96,0.07
20240728013426,-0.01,0.96,0.07
20240728013427,-0.01,0.96,0.07
20240728013428,-0.01,0.96,0.07
20240728013429,-0.01,0.96,0.07
20240728013430,-0.01,0.96,0.07
20240728013431,-0.01,0.95,0.07
20240728013432,-0.01,0.96,0.07
20240728013433,-0.01,0.96,0.07
20240728013434,-0.01,0.96,0.07
20240728013435,-0.01,0.96,0.07
20240728013436,-0.01,0.96,0.07
20240728013437,-0.01,0.96,0.07
20240728013438,-0.01,0.96,0.07
20240728013439,-0.01,0.96,0.07
20240728013440,-0.01,0.96,0.07
20240728013441,-0.01,0.96,0.07
20240728013442,-0.01,0.96,0.07
20240728013443,-0.01,0.96,0.07
20240728013444,-0.01,0.96,0.07
20240728013445,-0.01,0.96,0.07
20240728013446,-0.01,0.96,0.07
20240728013447,-0.01,0.96,0.07
20240728013448,-0.01,0.96,0.07
20240728013449,-0.01,0.96,0.07
20240728013450,-0.01,0.96,0.07
20240728013451,-0.01,0.96,0.07
20240728013452,-0.01,0.96,0.07
20240728013453,-0.01,0.96,0.07
20240728013454,-0.01,0.96,0.07
20240728013455,-0.01,0.96,0.07
20240728013456,-0.01,0.96,0.07
20240728013457,-0.01,0.96,0.07
20240728013458,-0.01,0.96,0.07
20240728013459,-0.01,0.96,0.07
20240728013500,-0.01,0.96,0.07
20240728013501,-0.01,0.96,0.07
20240728013502,-0.01,0.96,0.07
20240728013503,-0.01,0.96,0.07
20240728013504,-0.01,0.96,0.07
20240728013505,-0.01,0.96,0.07
20240728013506,-0.01,0.96,0.07
20240728013507,-0.01,0.96,0.07
20240728013508,-0.01,0.96,0.07
20240728013509,-0.01,0.96,0.07
20240728013510,-0.01,0.96,0.07
20240728013511,-0.01,0.96,0.07
20240728013512,-0.01,0.96,0.07
20240728013513,-0.01,0.96,0.07
20240728013514,-0.01,0.96,0.07
20240728013515,-0.01,0.96,0.07
20240728013516,-0.01,0.96,0.07
20240728013517,-0.01,0.96,0.07
20240728013518,-0.01,0.96,0.07
20240728013519,-0.01,0.96,0.07
20240728013520,-0.01,0.96,0.07
20240728013521,-0.01,0.96,0.07
20240728013522,-0.01,0.96,0.07
20240728013523,-0.01,0.96,0.07
20240728013524,-0.01,0.96,0.07
20240728013525,-0.01,0.96,0.07
20240728013526,-0.01,0.96,0.07
20240728013527,-0.01,0.96,0.07
20240728013528,-0.01,0.96,0.07
20240728013529,-0.01,0.96,0.07
20240728013530,-0.01,0.96,0.07
20240728013531,-0.01,0.96,0.07
20240728013532,-0.01,0.96,0.07
20240728013533,-0.01,0.96,0.07
20240728013534,-0.01,0.96,0.07
20240728013535,-0.01,0.96,0.07
20240728013536,-0.01,0.96,0.07
20240728013537,-0.01,0.96,0.07
20240728013538,-0.01,0.96,0.07
20240728013539,-0.01,0.96,0.07
20240728013541,-0.01,0.96,0.07
20240728013542,-0.01,0.96,0.07
20240728013543,-0.01,0.96,0.07
20240728013544,-0.01,0.96,0.07
20240728013545,-0.01,0.96,0.07
20240728013546,-0.01,0.96,0.07
20240728013547,-0.01,0.96,0.07
20240728013548,-0.01,0.96,0.07
20240728013549,-0.00,0.96,0.05
20240728013550,-0.01,0.96,0.07
20240728013551,-0.01,0.96,0.07
20240728013552,-0.01,0.95,0.06
20240728013553,-0.01,0.96,0.07
20240728013554,-0.01,0.97,0.09
20240728013555,-0.01,0.96,0.07
20240728013556,-0.01,0.96,0.07
20240728013557,-0.01,0.96,0.07
20240728013558,-0.01,0.96,0.07
20240728013559,-0.01,0.96,0.06
20240728013600,-0.01,0.96,0.06
20240728013601,-0.01,0.96,0.06
20240728013602,-0.01,0.96,0.06
20240728013603,-0.01,0.96,0.06
20240728013604,-0.01,0.96,0.06
20240728013605,-0.01,0.96,0.06
20240728013606,-0.01,0.96,0.06
20240728013607,-0.01,0.96,0.06
20240728013608,-0.01,0.96,0.06
20240728013609,-0.01,0.96,0.06
20240728013610,-0.01,0.96,0.06
20240728013611,-0.01,0.96,0.06
20240728013612,-0.01,0.96,0.06
20240728013613,-0.01,0.96,0.06
20240728013614,-0.01,0.96,0.06
20240728013615,-0.01,0.96,0.06
20240728013616,-0.01,0.96,0.06
20240728013617,-0.01,0.96,0.06
20240728013618,-0.01,0.96,0.06
20240728013619,-0.01,0.96,0.06
20240728013620,-0.01,0.96,0.06
20240728013621,-0.01,0.96,0.06
20240728013622,-0.01,0.96,0.06
20240728013623,-0.01,0.96,0.06
20240728013624,-0.01,0.96,0.06
20240728013625,-0.01,0.96,0.06
20240728013626,-0.01,0.96,0.06
20240728013627,-0.01,0.96,0.06
20240728013628,-0.01,0.96,0.06
20240728013629,-0.01,0.96,0.06
20240728013630,-0.01,0.96,0.06
20240728013631,-0.01,0.96,0.06
20240728013632,-0.01,0.96,0.06
20240728013633,-0.01,0.96,0.06
20240728013634,-0.01,0.96,0.06
20240728013635,-0.01,0.96,0.06
20240728013636,-0.01,0.96,0.06
20240728013637,-0.01,0.96,0.06
20240728013638,-0.01,0.96,0.06
20240728013639,-0.01,0.96,0.06
20240728013640,-0.01,0.96,0.06
20240728013641,-0.01,0.96,0.06
20240728013642,-0.01,0.96,0.06
20240728013643,-0.01,0.96,0.06
20240728013644,-0.01,0.96,0.06
20240728013645,-0.01,0.96,0.06
20240728013646,-0.01,0.96,0.06
20240728013647,-0.01,0.96,0.06
20240728013648,-0.01,0.96,0.06
20240728013649,-0.01,0.96,0.06
20240728013650,-0.01,0.96,0.06
20240728013651,-0.01,0.96,0.06
20240728013652,-0.01,0.96,0.06
20240728013653,-0.01,0.96,0.06
20240728013654,-0.01,0.96,0.06
20240728013655,-0.01,0.96,0.06
20240728013656,-0.01,0.96,0.06
20240728013657,-0.01,0.96,0.06
20240728013658,-0.01,0.96,0.06
20240728013659,-0.01,0.96,0.06
20240728013700,-0.01,0.96,0.06
20240728013701,-0.01,0.96,0.06
20240728013702,-0.01,0.96,0.06
20240728013703,-0.01,0.96,0.06
20240728013704,-0.01,0.96,0.06
20240728013705,-0.01,0.96,0.06
20240728013706,-0.01,0.96,0.06
20240728013707,-0.01,0.96,0.05
20240728013708,-0.01,0.96,0.06
20240728013709,-0.01,0.96,0.06
20240728013710,-0.01,0.96,0.06
20240728013711,-0.01,0.96,0.06
20240728013712,-0.01,0.96,0.06
20240728013713,-0.01,0.96,0.06
20240728013714,-0.01,0.96,0.06
20240728013715,-0.01,0.96,0.06
20240728013716,-0.01,0.96,0.06
20240728013717,-0.01,0.96,0.06
20240728013718,-0.01,0.96,0.06
20240728013719,-0.01,0.96,0.06
20240728013720,-0.01,0.96,0.06
20240728013721,-0.01,0.96,0.05
20240728013722,-0.01,0.96,0.06
20240728013723,-0.01,0.96,0.06
20240728013724,-0.01,0.96,0.06
20240728013725,-0.01,0.96,0.06
20240728013726,-0.01,0.96,0.06
20240728013727,-0.01,0.96,0.06
20240728013728,-0.01,0.96,0.06
20240728013729,-0.01,0.96,0.06
20240728013730,-0.01,0.96,0.06
20240728013731,-0.01,0.96,0.06
20240728013732,-0.01,0.96,0.06
20240728013733,-0.01,0.96,0.06
20240728013734,-0.01,0.96,0.06
20240728013735,-0.01,0.96,0.06
20240728013736,-0.01,0.96,0.06
20240728013737,-0.01,0.96,0.06
20240728013738,-0.01,0.96,0.06
20240728013739,-0.01,0.96,0.06
20240728013740,-0.01,0.96,0.06
20240728013741,-0.01,0.96,0.06
20240728013742,-0.01,0.96,0.06
20240728013743,-0.01,0.96,0.06
20240728013744,-0.01,0.96,0.06
20240728013745,-0.01,0.96,0.06
20240728013746,-0.01,0.96,0.06
20240728013747,-0.01,0.96,0.06
20240728013748,-0.01,0.96,0.06
20240728013749,-0.01,0.96,0.06
20240728013750,-0.01,0.96,0.06
20240728013751,-0.01,0.96,0.06
20240728013752,-0.01,0.96,0.06
20240728013753,-0.01,0.96,0.06
20240728013754,-0.01,0.96,0.06
20240728013755,-0.01,0.96,0.06
20240728013756,-0.01,0.96,0.06
20240728013757,-0.01,0.96,0.06
20240728013758,-0.01,0.96,0.06
20240728013759,-0.01,0.96,0.06
20240728013800,-0.01,0.96,0.06
20240728013801,-0.01,0.96,0.06
20240728013802,-0.01,0.96,0.06
20240728013803,-0.01,0.96,0.06
20240728013804,-0.01,0.96,0.06
20240728013805,-0.01,0.96,0.06
20240728013806,-0.01,0.96,0.06
20240728013807,-0.01,0.96,0.06
20240728013808,-0.01,0.96,0.06
20240728013809,-0.01,0.96,0.06
20240728013810,-0.01,0.96,0.06
20240728013811,-0.01,0.96,0.06
20240728013812,-0.01,0.96,0.06
20240728013813,-0.01,0.96,0.06
20240728013814,-0.01,0.96,0.06
20240728013815,-0.01,0.96,0.06
20240728013816,-0.01,0.96,0.06
20240728013817,-0.01,0.96,0.06
20240728013818,-0.01,0.96,0.06
20240728013819,-0.01,0.96,0.06
20240728013820,-0.01,0.96,0.06
20240728013821,-0.01,0.96,0.06
20240728013822,-0.01,0.96,0.06
20240728013823,-0.01,0.96,0.06
20240728013824,-0.01,0.96,0.06
20240728013825,-0.01,0.96,0.06
20240728013826,-0.01,0.96,0.06
20240728013827,-0.01,0.96,0.06
20240728013828,-0.01,0.96,0.06
20240728013829,-0.01,0.96,0.06
20240728013830,-0.01,0.96,0.06
20240728013831,-0.01,0.96,0.06
20240728013832,-0.01,0.96,0.06
20240728013833,-0.01,0.96,0.06
20240728013834,-0.01,0.96,0.06
20240728013835,-0.01,0.96,0.06
20240728013836,-0.01,0.96,0.06
20240728013837,-0.01,0.96,0.06
20240728013838,-0.01,0.96,0.06
20240728013839,-0.01,0.96,0.06
20240728013840,-0.01,0.96,0.06
20240728013841,-0.01,0.96,0.06
20240728013842,-0.01,0.96,0.06
20240728013843,-0.01,0.96,0.06
20240728013844,-0.01,0.96,0.06
20240728013845,-0.01,0.96,0.06
20240728013846,-0.01,0.96,0.06
20240728013847,-0.01,0.96,0.06
20240728013848,-0.01,0.96,0.06
20240728013849,-0.01,0.96,0.06
20240728013850,-0.01,0.96,0.06
20240728013851,-0.01,0.96,0.06
20240728013852,-0.01,0.96,0.06
20240728013853,-0.01,0.96,0.07
20240728013854,-0.01,0.96,0.07
20240728013855,-0.01,0.96,0.07
20240728013856,-0.01,0.96,0.03
20240728013857,-0.03,0.96,0.09
20240728013858,-0.05,0.85,0.18
20240728013859,-0.02,0.95,-0.08
20240728013900,-0.02,0.95,-0.07
20240728013901,-0.02,0.96,-0.04
20240728013902,-0.02,0.95,-0.08
20240728013903,-0.02,0.95,-0.08
20240728013904,-0.02,0.96,-0.06
20240728013905,-0.03,0.92,-0.07
20240728013906,-0.02,0.95,-0.15
20240728013907,-0.08,0.91,0.30
20240728013908,-0.09,0.90,0.37
20240728013909,-0.03,0.96,0.07
20240728013910,-0.03,0.95,0.06
20240728013911,-0.02,0.96,0.03
20240728013912,-0.05,0.96,0.11
20240728013913,-0.04,0.75,0.07
20240728013914,-0.02,0.95,0.09
20240728013915,-0.02,0.96,0.10
20240728013916,0.00,0.96,-0.03
20240728013917,0.00,0.96,-0.04
20240728013918,0.03,0.93,-0.33
20240728013919,0.06,0.90,-0.34
20240728013920,0.06,0.89,-0.35
20240728013921,0.06,0.89,-0.35
20240728013922,0.07,0.86,-0.41
20240728013923,0.09,0.84,-0.46
20240728013924,0.09,0.85,-0.45
20240728013925,0.09,0.85,-0.45
20240728013926,0.09,0.85,-0.45
20240728013927,0.06,0.94,-0.19
20240728013928,0.09,0.86,-0.42
20240728013929,0.09,0.86,-0.41
20240728013930,0.09,0.86,-0.42
20240728013931,0.09,0.85,-0.43
20240728013932,0.06,0.96,-0.06
20240728013933,0.06,0.95,-0.11
20240728013934,0.06,0.95,-0.08
20240728013935,0.06,0.95,-0.05
20240728013936,0.07,0.91,-0.25
20240728013937,0.06,0.95,-0.07
20240728013938,0.02,0.51,-0.11
20240728013939,-0.04,0.94,0.23
20240728013940,0.08,0.78,0.59
20240728013941,0.10,0.88,0.40
20240728013942,0.09,0.86,0.43
20240728013943,0.10,0.87,0.43
20240728013944,0.11,0.85,0.46
20240728013945,0.09,0.90,0.34
20240728013946,0.09,0.88,0.39
20240728013947,0.09,0.88,0.41
20240728013948,0.10,0.90,0.35
20240728013949,0.09,0.87,0.42
20240728013950,0.10,0.89,0.37
20240728013951,0.09,0.87,0.41
20240728013952,0.09,0.88,0.40
20240728013953,0.09,0.87,0.42
20240728013954,0.09,0.87,0.42
20240728013955,0.09,0.85,0.45
20240728013956,0.09,0.85,0.45
20240728013957,0.09,0.85,0.46
20240728013958,0.10,0.86,0.45
20240728013959,0.09,0.88,0.41
20240728014000,0.09,0.86,0.43
20240728014001,0.09,0.86,0.43
20240728014002,0.08,0.86,0.44
20240728014003,0.10,0.91,0.33
20240728014004,0.09,0.87,0.41
20240728014005,0.09,0.87,0.41
20240728014006,0.09,0.87,0.43
20240728014007,0.09,0.86,0.45
20240728014008,0.09,0.87,0.43
20240728014009,0.09,0.85,0.45
20240728014010,0.09,0.86,0.45
20240728014011,0.09,0.86,0.44
20240728014012,0.10,0.89,0.39
20240728014013,0.09,0.86,0.43
20240728014014,0.09,0.85,0.46
20240728014015,0.09,0.85,0.47
20240728014016,0.09,0.86,0.44
20240728014017,0.09,0.86,0.45
20240728014018,0.09,0.85,0.47
20240728014019,0.10,0.89,0.39
20240728014020,0.09,0.84,0.48
20240728014021,0.09,0.84,0.48
20240728014022,0.09,0.83,0.50
20240728014023,0.09,0.86,0.44
20240728014024,0.09,0.85,0.45
20240728014025,0.09,0.86,0.44
20240728014026,0.09,0.86,0.44
20240728014027,0.09,0.86,0.45
20240728014028,0.09,0.86,0.44
20240728014029,0.09,0.85,0.46
20240728014030,0.09,0.85,0.46
20240728014031,0.09,0.86,0.45
20240728014032,0.10,0.89,0.36
20240728014033,0.09,0.87,0.41
20240728014034,0.10,0.89,0.36
20240728014035,0.10,0.90,0.32
20240728014036,0.10,0.88,0.39
20240728014037,0.10,0.87,0.41
20240728014038,0.10,0.87,0.40
20240728014039,0.10,0.88,0.40
20240728014040,0.10,0.86,0.43
20240728014041,0.10,0.87,0.43
20240728014042,0.10,0.86,0.44
20240728014043,0.10,0.87,0.42
20240728014044,0.10,0.86,0.44
20240728014045,0.10,0.86,0.45
20240728014046,0.10,0.87,0.43
20240728014047,0.10,0.86,0.44
20240728014048,0.10,0.86,0.44
20240728014049,0.10,0.86,0.44
20240728014050,0.09,0.87,0.42
20240728014051,0.09,0.85,0.44
20240728014052,0.10,0.87,0.42
20240728014053,0.10,0.89,0.37
20240728014054,0.10,0.87,0.41
20240728014055,0.10,0.88,0.39
20240728014056,0.10,0.90,0.36
20240728014057,0.10,0.91,0.31
20240728014058,0.10,0.88,0.39
20240728014059,0.10,0.88,0.40
20240728014100,0.10,0.89,0.37
20240728014101,0.10,0.88,0.38
20240728014102,0.10,0.88,0.40
20240728014103,0.10,0.87,0.41
20240728014104,0.09,0.88,0.41
20240728014105,0.10,0.88,0.41
20240728014106,0.10,0.85,0.45
20240728014107,0.09,0.83,0.50
20240728014108,0.10,0.85,0.47
20240728014109,0.10,0.84,0.48
20240728014111,0.09,0.83,0.50
20240728014112,0.10,0.84,0.48
20240728014113,0.10,0.84,0.48
20240728014114,0.10,0.88,0.40
20240728014115,0.10,0.86,0.43
20240728014116,0.10,0.86,0.45
20240728014117,0.10,0.85,0.46
20240728014118,0.10,0.87,0.42
20240728014119,0.10,0.83,0.49
20240728014120,0.10,0.86,0.44
20240728014121,0.10,0.84,0.48
20240728014122,0.09,0.84,0.49
20240728014123,0.09,0.82,0.52
20240728014124,0.09,0.80,0.55
20240728014125,0.09,0.79,0.56
20240728014126,0.09,0.81,0.52
20240728014127,0.09,0.84,0.49
20240728014128,0.09,0.79,0.57
20240728014129,0.10,0.84,0.47
20240728014130,0.09,0.84,0.48
20240728014131,0.10,0.83,0.49
20240728014132,0.10,0.85,0.45
20240728014133,0.09,0.83,0.50
20240728014134,0.09,0.83,0.50
20240728014135,0.09,0.81,0.50
20240728014136,0.09,0.78,0.59
20240728014137,0.09,0.80,0.56
20240728014138,0.09,0.79,0.58
20240728014139,0.09,0.78,0.58
20240728014140,0.09,0.79,0.57
20240728014141,0.09,0.81,0.54
20240728014142,0.09,0.84,0.48
20240728014143,0.09,0.82,0.51
20240728014144,0.08,0.82,0.51
20240728014145,0.09,0.80,0.56
20240728014146,0.09,0.78,0.59
20240728014147,0.08,0.81,0.54
20240728014148,0.10,0.88,0.42
20240728014149,0.06,0.85,0.49
20240728014150,0.10,0.89,0.40
20240728014151,0.10,0.84,0.48
20240728014152,0.09,0.81,0.53
20240728014153,0.09,0.80,0.55
20240728014154,0.09,0.78,0.55
20240728014155,0.10,0.81,0.52
20240728014156,0.11,0.92,0.26
20240728014157,0.10,0.91,0.30
20240728014158,0.10,0.91,0.31
20240728014159,0.11,0.87,0.38
20240728014200,0.09,0.74,0.64
20240728014201,0.10,0.71,0.67
20240728014202,0.09,0.76,0.61
20240728014203,0.09,0.73,0.65
20240728014204,0.09,0.73,0.65
20240728014205,0.09,0.72,0.67
20240728014206,0.09,0.72,0.67
20240728014207,0.09,0.76,0.62
20240728014208,0.09,0.81,0.54
20240728014209,0.10,0.67,0.72
20240728014210,0.09,0.68,0.73
20240728014211,0.10,0.71,0.66
20240728014212,0.09,0.78,0.58
20240728014213,0.12,0.73,0.63
20240728014214,0.09,0.72,0.66
20240728014215,0.09,0.74,0.64
20240728014216,0.09,0.73,0.65
20240728014217,0.10,0.72,0.67
20240728014218,0.09,0.75,0.62
20240728014219,0.08,0.72,0.67
20240728014220,0.09,0.74,0.64
20240728014221,0.10,0.71,0.67
20240728014222,0.10,0.72,0.66
20240728014223,0.09,0.74,0.63
20240728014224,0.11,0.66,0.72
20240728014225,0.11,0.69,0.69
20240728014226,0.11,0.71,0.67
20240728014227,0.10,0.72,0.67
20240728014228,0.10,0.76,0.61
20240728014229,0.10,0.75,0.63
20240728014230,0.10,0.75,0.63
20240728014231,0.10,0.78,0.58
20240728014232,0.10,0.77,0.59
20240728014233,0.10,0.73,0.65
20240728014234,0.10,0.74,0.63
20240728014235,0.09,0.74,0.64
20240728014236,0.10,0.73,0.65
20240728014237,0.10,0.73,0.65
20240728014238,0.22,0.75,0.41
20240728014239,0.09,0.90,0.35
20240728014240,0.10,0.89,0.38
20240728014241,0.11,0.90,0.31
20240728014242,0.10,0.74,0.64
20240728014243,0.09,0.91,0.31
20240728014244,0.09,0.78,0.58
20240728014245,0.09,0.77,0.61
20240728014246,0.08,0.78,0.58
20240728014247,0.08,0.76,0.62
20240728014248,0.08,0.76,0.61
20240728014249,0.08,0.76,0.62
20240728014250,0.10,0.75,0.60
20240728014251,0.09,0.70,0.69
20240728014252,0.09,0.72,0.66
20240728014253,0.09,0.76,0.61
20240728014254,0.09,0.71,0.67
20240728014255,0.09,0.74,0.64
20240728014256,0.09,0.74,0.64
20240728014257,0.09,0.74,0.65
20240728014258,0.09,0.73,0.64
20240728014259,0.09,0.76,0.61
20240728014300,0.09,0.76,0.61
20240728014301,0.09,0.77,0.60
20240728014302,0.09,0.80,0.55
20240728014303,0.09,0.78,0.59
20240728014304,0.08,0.76,0.62
20240728014305,0.09,0.80,0.56
20240728014306,0.09,0.77,0.60
20240728014307,0.09,0.77,0.61
20240728014308,0.09,0.75,0.63
20240728014309,0.09,0.76,0.61
20240728014310,0.09,0.76,0.61
20240728014311,0.09,0.74,0.64
20240728014312,0.09,0.74,0.63
20240728014313,0.09,0.76,0.62
20240728014314,0.09,0.78,0.58
20240728014315,0.09,0.76,0.62
20240728014316,0.09,0.76,0.62
20240728014317,0.09,0.83,0.51
20240728014318,0.09,0.80,0.56
20240728014319,0.09,0.75,0.62
20240728014320,0.09,0.75,0.63
20240728014321,0.09,0.74,0.64
20240728014322,0.09,0.75,0.63
20240728014323,0.08,0.78,0.58
20240728014324,0.09,0.76,0.61
20240728014325,0.09,0.80,0.55
20240728014326,0.09,0.78,0.59
20240728014327,0.10,0.77,0.59
20240728014328,0.09,0.77,0.60
20240728014329,0.09,0.78,0.59
20240728014330,0.09,0.77,0.60
20240728014331,0.09,0.77,0.60
20240728014332,0.09,0.77,0.60
20240728014333,0.09,0.77,0.60
20240728014334,0.08,0.77,0.60
20240728014335,0.10,0.79,0.57
20240728014336,0.07,0.80,0.56
20240728014337,0.05,0.92,0.28
20240728014338,0.06,0.94,0.24
20240728014339,0.05,0.94,0.18
20240728014340,-0.19,1.35,0.58
20240728014341,-0.12,0.84,0.68
20240728014342,-0.06,0.08,0.39
20240728014343,-0.12,0.93,0.35
20240728014344,0.15,0.97,0.18
20240728014345,0.14,0.99,-0.04
20240728014346,0.10,0.94,0.03
20240728014347,0.08,0.94,0.19
20240728014348,0.09,0.92,0.23
20240728014349,0.13,0.73,0.32
20240728014350,0.07,0.91,0.34
20240728014351,0.07,0.90,0.34
20240728014352,0.07,0.92,0.27
20240728014353,0.07,0.93,0.26
20240728014354,0.07,0.93,0.26
20240728014355,0.07,0.90,0.34
20240728014356,0.07,0.93,0.25
20240728014357,0.07,0.91,0.30
20240728014358,0.08,0.94,0.20
20240728014359,0.08,0.94,0.20
20240728014400,0.08,0.94,0.20
20240728014401,0.08,0.94,0.20
20240728014402,0.08,0.94,0.20
20240728014403,0.06,0.91,0.29
20240728014404,0.06,0.93,0.24
20240728014405,0.07,0.93,0.23
20240728014406,0.07,0.93,0.23
20240728014407,0.07,0.93,0.23
20240728014408,0.07,0.94,0.21
20240728014409,0.07,0.94,0.22
20240728014410,0.07,0.94,0.21
20240728014411,0.07,0.94,0.20
20240728014412,0.07,0.94,0.21
20240728014413,0.07,0.92,0.26
20240728014414,0.07,0.93,0.22
20240728014415,0.07,0.94,0.21
20240728014416,0.07,0.94,0.21
20240728014417,0.07,0.94,0.21
20240728014418,0.07,0.94,0.21
20240728014419,0.07,0.94,0.19
20240728014420,0.07,0.94,0.21
20240728014421,0.07,0.93,0.23
20240728014422,0.07,0.93,0.23
20240728014423,0.07,0.94,0.22
20240728014424,0.07,0.94,0.21
20240728014425,0.07,0.93,0.22
20240728014426,0.07,0.93,0.22
20240728014427,0.07,0.93,0.22
20240728014428,0.07,0.94,0.20
20240728014429,0.07,0.94,0.20
20240728014430,0.07,0.94,0.19
20240728014431,0.05,0.94,0.18
20240728014432,0.05,0.94,0.18
20240728014433,0.05,0.95,0.17
20240728014434,0.05,0.94,0.18
20240728014435,0.05,0.94,0.18
20240728014436,0.05,0.94,0.18
20240728014437,0.05,0.94,0.18
20240728014438,0.05,0.94,0.18
20240728014439,0.05,0.94,0.17
20240728014440,0.03,0.92,0.30
20240728014441,0.03,0.91,0.31
20240728014442,0.04,0.93,0.27
20240728014443,0.04,0.93,0.24
20240728014444,0.04,0.93,0.25
20240728014445,0.05,0.96,0.17
20240728014446,0.05,0.95,0.18
20240728014447,0.05,0.94,0.20
20240728014448,0.05,0.94,0.20
20240728014449,0.05,0.94,0.22
20240728014450,0.04,0.94,0.22
20240728014451,0.05,0.93,0.23
20240728014452,0.05,0.94,0.19
20240728014453,0.05,0.94,0.19
20240728014454,0.05,0.94,0.19
20240728014455,0.05,0.94,0.19
20240728014456,0.05,0.94,0.19
20240728014457,0.05,0.94,0.19
20240728014458,0.05,0.94,0.19
20240728014459,0.05,0.94,0.19
20240728014500,0.05,0.94,0.19
20240728014501,0.05,0.94,0.19
20240728014502,0.05,0.94,0.19
20240728014503,0.05,0.94,0.19
20240728014504,0.05,0.94,0.19
20240728014505,0.05,0.94,0.19
20240728014506,0.05,0.94,0.18
20240728014507,0.05,0.94,0.18
20240728014508,0.05,0.94,0.18
20240728014509,0.05,0.94,0.18
20240728014510,0.05,0.94,0.18
20240728014511,0.05,0.94,0.18
20240728014512,0.05,0.94,0.18
20240728014513,0.05,0.94,0.18
20240728014514,0.04,0.93,0.24
20240728014515,0.04,0.94,0.21
20240728014516,0.05,0.94,0.21
20240728014517,0.05,0.95,0.16
20240728014518,0.05,0.94,0.18
20240728014519,0.05,0.94,0.18
20240728014520,0.05,0.94,0.18
20240728014521,0.05,0.94,0.20
20240728014522,0.05,0.94,0.21
20240728014523,0.05,0.94,0.20
20240728014524,0.05,0.94,0.18
20240728014525,0.05,0.94,0.18
20240728014526,0.05,0.94,0.18
20240728014527,0.05,0.94,0.18
20240728014528,0.05,0.94,0.18
20240728014529,0.05,0.94,0.18
20240728014530,0.05,0.94,0.18
20240728014531,0.05,0.94,0.18
20240728014532,0.05,0.94,0.18
20240728014533,0.05,0.95,0.18
20240728014534,0.05,0.94,0.18
20240728014535,0.04,0.95,0.17
20240728014536,0.05,0.94,0.18
20240728014537,0.05,0.94,0.18
20240728014538,0.05,0.94,0.18
20240728014539,0.05,0.94,0.18
20240728014540,0.05,0.94,0.18
20240728014541,0.05,0.94,0.18
20240728014542,0.05,0.94,0.18
20240728014543,0.05,0.94,0.18
20240728014544,0.05,0.94,0.18
20240728014545,0.05,0.94,0.18
20240728014546,0.05,0.94,0.18
20240728014547,0.05,0.95,0.17
20240728014548,0.05,0.94,0.18
20240728014549,0.05,0.94,0.18
20240728014550,0.05,0.94,0.18
20240728014551,0.05,0.94,0.18
20240728014552,0.05,0.94,0.18
20240728014553,0.05,0.94,0.18
20240728014554,0.05,0.94,0.18
20240728014555,0.05,0.94,0.18
20240728014556,0.05,0.94,0.18
20240728014557,0.05,0.94,0.18
20240728014558,0.05,0.94,0.18
20240728014559,0.05,0.94,0.17
20240728014600,0.05,0.95,0.18
20240728014601,0.05,0.94,0.19
20240728014602,0.05,0.94,0.22
20240728014603,0.05,0.93,0.26
20240728014604,0.04,0.91,0.32
20240728014605,0.04,0.92,0.30
20240728014606,0.05,0.93,0.26
20240728014607,0.04,0.91,0.31
20240728014608,0.05,0.92,0.27
20240728014609,0.05,0.93,0.27
20240728014610,0.04,0.91,0.31
20240728014611,0.04,0.91,0.33
20240728014612,0.04,0.91,0.31
20240728014613,0.04,0.91,0.32
20240728014614,0.05,0.93,0.25
20240728014615,0.16,0.90,0.21
20240728014616,0.05,0.93,0.22
20240728014617,0.04,0.92,0.27
20240728014618,0.04,0.93,0.27
20240728014619,0.05,0.94,0.19
20240728014620,0.04,0.93,0.25
20240728014621,0.05,0.95,0.19
20240728014622,0.04,0.94,0.22
20240728014623,0.04,0.93,0.24
20240728014624,0.04,0.93,0.24
20240728014625,0.05,0.94,0.19
20240728014626,0.05,0.94,0.19
20240728014627,0.05,0.94,0.21
20240728014628,0.04,0.93,0.23
20240728014629,0.05,0.95,0.19
20240728014630,0.05,0.94,0.19
20240728014631,0.05,0.94,0.22
20240728014632,0.03,0.93,0.20
20240728014633,0.04,0.94,0.22
20240728014634,0.04,0.93,0.23
20240728014635,0.05,0.95,0.18
20240728014636,0.05,0.95,0.18
20240728014637,0.04,0.93,0.24
20240728014638,0.04,0.94,0.23
20240728014639,0.04,0.93,0.24
20240728014640,0.04,0.93,0.25
20240728014641,0.04,0.93,0.24
20240728014642,0.04,0.93,0.25
20240728014643,0.04,0.93,0.24
20240728014644,0.04,0.93,0.25
20240728014645,0.05,0.94,0.19
20240728014646,0.02,0.83,0.49
20240728014647,0.03,0.85,0.47
20240728014649,0.09,0.93,0.18
20240728014650,0.05,0.95,0.16
20240728014651,0.03,0.85,0.48
20240728014652,0.03,0.84,0.48
20240728014653,0.05,0.95,0.19
20240728014654,0.03,0.95,0.12
20240728014655,0.05,0.94,0.19
20240728014656,0.05,0.93,0.22
20240728014657,0.03,0.88,0.40
20240728014658,0.03,0.85,0.46
20240728014659,0.05,0.94,0.17
20240728014700,0.05,0.95,0.16
20240728014701,0.05,0.94,0.18
20240728014702,0.05,0.95,0.15
20240728014703,0.05,0.95,0.15
20240728014704,0.05,0.95,0.15
20240728014705,0.05,0.95,0.15
20240728014706,0.05,0.95,0.15
20240728014707,0.05,0.95,0.15
20240728014708,0.05,0.95,0.15
20240728014709,0.05,0.95,0.15
20240728014710,0.05,0.95,0.15
20240728014711,0.05,0.95,0.15
20240728014712,0.04,0.93,0.22
20240728014713,0.04,0.90,0.36
20240728014714,0.04,0.86,0.44
20240728014715,0.04,0.88,0.40
20240728014716,0.03,0.86,0.45
20240728014717,0.04,0.89,0.37
20240728014718,0.05,0.92,0.30
20240728014719,0.04,0.91,0.33
20240728014720,0.04,0.89,0.37
20240728014721,0.04,0.90,0.33
20240728014722,0.05,0.94,0.17
20240728014723,0.05,0.94,0.25
20240728014724,0.05,0.94,0.18
20240728014725,0.05,0.94,0.19
20240728014726,0.05,0.94,0.19
20240728014727,0.05,0.94,0.19
20240728014728,0.03,0.94,0.19
20240728014729,0.05,0.94,0.19
20240728014730,0.05,0.94,0.19
20240728014731,0.05,0.94,0.19
20240728014732,0.05,0.94,0.19
20240728014733,0.05,0.94,0.19
20240728014734,0.05,0.94,0.19
20240728014735,0.05,0.94,0.19
20240728014736,0.05,0.94,0.19
20240728014737,0.05,0.94,0.19
20240728014738,0.05,0.95,0.15
20240728014739,0.05,0.94,0.22
20240728014740,0.05,0.94,0.20
20240728014741,0.05,0.94,0.20
20240728014742,0.05,0.94,0.20
20240728014743,0.05,0.94,0.20
20240728014744,0.05,0.94,0.16
20240728014745,0.05,0.95,0.17
20240728014746,0.05,0.95,0.17
20240728014747,0.05,0.94,0.18
20240728014748,0.05,0.94,0.20
20240728014749,0.05,0.95,0.16
20240728014750,0.05,0.94,0.19
20240728014751,0.05,0.94,0.19
20240728014752,0.05,0.94,0.19
20240728014753,0.05,0.94,0.19
20240728014754,0.05,0.94,0.19
20240728014755,0.05,0.94,0.20
20240728014756,0.04,0.92,0.30
20240728014757,0.05,0.94,0.18
20240728014758,0.05,0.95,0.17
20240728014759,0.03,0.89,0.38
20240728014800,0.06,0.95,0.18
20240728014801,0.04,0.92,0.26
20240728014802,0.05,0.95,0.17
20240728014803,0.05,0.94,0.17
20240728014804,0.05,0.94,0.17
20240728014805,0.05,0.95,0.17
20240728014806,0.03,0.87,0.43
20240728014807,0.03,0.86,0.45
20240728014808,0.03,0.86,0.44
20240728014809,0.03,0.88,0.42
20240728014810,0.04,0.91,0.35
20240728014811,0.04,0.89,0.39
20240728014812,0.04,0.91,0.34
20240728014813,0.04,0.89,0.37
20240728014814,0.03,0.86,0.44
20240728014815,0.03,0.86,0.46
20240728014816,0.03,0.86,0.45
20240728014817,0.05,0.97,0.14
20240728014818,0.05,0.95,0.18
20240728014819,0.05,0.94,0.19
20240728014820,0.05,0.94,0.19
20240728014821,0.06,0.95,0.19
20240728014822,0.05,0.94,0.19
20240728014823,0.06,0.94,0.20
20240728014824,0.05,0.94,0.19
20240728014825,0.05,0.94,0.19
20240728014826,0.05,0.94,0.19
20240728014827,0.05,0.94,0.19
20240728014828,0.05,0.94,0.19
20240728014829,0.05,0.94,0.19
20240728014830,0.05,0.94,0.19
20240728014831,0.05,0.94,0.19
20240728014832,0.05,0.94,0.19
20240728014833,0.05,0.94,0.19
20240728014834,0.05,0.94,0.19
20240728014835,0.05,0.94,0.19
20240728014836,0.05,0.94,0.19
20240728014837,0.05,0.94,0.19
20240728014838,0.05,0.94,0.19
20240728014839,0.05,0.94,0.19
20240728014840,0.05,0.94,0.19
20240728014841,0.05,0.94,0.19
20240728014842,0.05,0.94,0.19
20240728014843,0.05,0.94,0.19
20240728014844,0.05,0.94,0.19
20240728014845,0.05,0.94,0.19
20240728014846,0.05,0.94,0.19
20240728014847,0.05,0.94,0.19
20240728014848,0.05,0.95,0.19
20240728014849,0.05,0.94,0.19
20240728014850,0.05,0.94,0.19
20240728014851,0.05,0.94,0.19
20240728014852,0.05,0.94,0.19
20240728014853,0.05,0.94,0.19
20240728014854,0.05,0.94,0.19
20240728014855,0.05,0.94,0.19
20240728014856,0.05,0.94,0.19
20240728014857,0.05,0.94,0.19
20240728014858,0.05,0.94,0.19
20240728014859,0.05,0.94,0.19
20240728014900,0.05,0.94,0.19
20240728014901,0.05,0.94,0.19
20240728014902,0.05,0.94,0.19
20240728014903,0.05,0.94,0.19
20240728014904,0.05,0.94,0.19
20240728014905,0.05,0.94,0.19
20240728014906,0.05,0.94,0.19
20240728014907,0.05,0.94,0.19
20240728014908,0.05,0.94,0.19
20240728014909,0.05,0.94,0.19
20240728014910,0.05,0.94,0.19
20240728014911,0.05,0.94,0.19
20240728014912,0.06,0.94,0.19
20240728014913,0.05,0.94,0.19
20240728014914,0.05,0.94,0.19
20240728014915,0.05,0.94,0.19
20240728014916,0.05,0.94,0.19
20240728014917,0.09,0.94,0.17
20240728014918,0.05,0.95,0.14
20240728014919,0.05,0.95,0.15
20240728014920,0.05,0.95,0.16
20240728014921,0.06,0.95,0.12
20240728014922,0.05,0.92,0.29
20240728014923,0.06,0.91,0.32
20240728014924,0.04,0.90,0.34
20240728014925,0.04,0.90,0.35
20240728014926,0.04,0.91,0.32
20240728014927,0.04,0.90,0.35
20240728014928,0.05,0.93,0.25
20240728014929,0.04,0.91,0.31
20240728014930,0.05,0.94,0.17
20240728014931,0.05,0.94,0.19
20240728014932,0.05,0.95,0.16
20240728014933,0.05,0.94,0.18
20240728014934,0.05,0.94,0.19
20240728014935,0.05,0.94,0.19
20240728014936,0.04,0.90,0.35
20240728014937,0.03,0.86,0.44
20240728014938,0.03,0.88,0.42
20240728014939,0.03,0.87,0.44
20240728014940,0.03,0.89,0.40
20240728014941,0.05,0.94,0.19
20240728014942,0.05,0.95,0.16
20240728014943,0.05,0.95,0.16
20240728014944,0.05,0.95,0.16
20240728014945,0.05,0.95,0.16
20240728014946,0.05,0.95,0.16
20240728014947,0.05,0.95,0.16
20240728014948,0.05,0.95,0.16
20240728014949,0.05,0.95,0.16
20240728014950,0.05,0.95,0.16
20240728014951,0.05,0.95,0.16
20240728014952,0.05,0.95,0.16
20240728014953,0.05,0.95,0.16
20240728014954,0.05,0.95,0.16
20240728014955,0.04,0.90,0.35
20240728014956,0.03,0.87,0.42
20240728014957,0.03,0.85,0.46
20240728014958,0.03,0.88,0.41
20240728014959,0.04,0.92,0.32
20240728015000,0.04,0.89,0.40
20240728015001,0.03,0.88,0.41
20240728015002,0.03,0.86,0.43
20240728015003,0.04,0.90,0.38
20240728015004,0.04,0.87,0.41
20240728015005,0.03,0.87,0.43
20240728015006,0.03,0.88,0.41
20240728015007,0.03,0.87,0.43
20240728015008,0.04,0.89,0.38
20240728015009,0.03,0.88,0.40
20240728015010,0.03,0.87,0.42
20240728015011,0.03,0.87,0.44
20240728015012,0.04,0.89,0.39
20240728015013,0.04,0.89,0.38
20240728015014,0.04,0.86,0.45
20240728015015,0.04,0.86,0.44
20240728015016,0.03,0.86,0.46
20240728015017,0.03,0.85,0.48
20240728015018,0.04,0.85,0.46
20240728015019,0.05,0.95,0.17
20240728015020,0.05,0.94,0.18
20240728015021,0.05,0.94,0.17
20240728015022,0.05,0.95,0.17
20240728015023,0.05,0.94,0.17
20240728015024,0.05,0.94,0.17
20240728015025,0.05,0.95,0.17
20240728015026,0.05,0.95,0.17
20240728015027,0.05,0.95,0.17
20240728015028,0.05,0.94,0.17
20240728015029,0.05,0.95,0.17
20240728015030,0.05,0.95,0.17
20240728015031,0.05,0.95,0.16
20240728015032,0.05,0.95,0.16
20240728015033,0.05,0.95,0.16
20240728015034,0.05,0.95,0.11
20240728015035,0.04,0.92,0.26
20240728015036,0.05,0.94,0.21
20240728015037,0.05,0.94,0.20
20240728015038,0.05,0.94,0.21
20240728015039,0.05,0.94,0.20
20240728015040,0.05,0.94,0.20
20240728015041,0.05,0.95,0.19
20240728015042,0.05,0.94,0.22
20240728015043,0.05,0.94,0.21
20240728015044,0.05,0.94,0.20
20240728015045,0.05,0.93,0.21
20240728015046,0.05,0.94,0.20
20240728015047,0.05,0.94,0.19
20240728015048,0.05,0.93,0.22
20240728015049,0.05,0.94,0.22
20240728015050,0.05,0.94,0.20
20240728015051,0.05,0.94,0.21
20240728015052,0.05,0.93,0.23
20240728015053,0.05,0.94,0.21
20240728015054,0.05,0.94,0.19
20240728015055,0.05,0.94,0.21
20240728015056,0.05,0.94,0.20
20240728015057,0.05,0.94,0.22
20240728015058,0.05,0.94,0.21
20240728015059,0.05,0.94,0.21
20240728015100,0.05,0.94,0.21
20240728015101,0.05,0.94,0.21
20240728015102,0.05,0.93,0.22
20240728015103,0.05,0.93,0.22
20240728015104,0.05,0.93,0.24
20240728015105,0.05,0.94,0.20
20240728015106,0.06,0.97,0.14
20240728015107,0.05,0.94,0.20
20240728015108,0.05,0.94,0.21
20240728015109,0.05,0.94,0.19
20240728015110,0.05,0.95,0.18
20240728015111,0.05,0.95,0.15
20240728015112,0.05,0.95,0.16
20240728015113,0.05,0.95,0.16
20240728015114,0.05,0.95,0.17
20240728015115,0.05,0.95,0.16
20240728015116,0.05,0.95,0.16
20240728015117,0.05,0.94,0.22
20240728015118,0.04,0.89,0.37
20240728015119,0.05,0.96,0.19
20240728015120,0.04,0.90,0.33
20240728015121,0.04,0.90,0.35
20240728015122,0.04,0.92,0.28
20240728015123,0.04,0.95,0.27
20240728015124,0.04,0.90,0.34
20240728015125,0.04,0.91,0.33
20240728015126,0.04,0.89,0.38
20240728015127,0.04,0.90,0.35
20240728015128,0.04,0.90,0.35
20240728015129,0.04,0.91,0.31
20240728015130,0.04,0.92,0.27
20240728015131,0.04,0.92,0.29
20240728015132,0.04,0.91,0.30
20240728015133,0.05,0.94,0.19
20240728015134,0.05,0.95,0.16
20240728015135,0.05,0.94,0.17
20240728015136,0.05,0.95,0.16
20240728015137,0.05,0.95,0.15
20240728015138,0.05,0.95,0.16
20240728015139,0.05,0.95,0.16
20240728015140,0.05,0.95,0.16
20240728015142,0.05,0.95,0.16
20240728015143,0.05,0.95,0.16
20240728015144,0.05,0.95,0.16
20240728015145,0.05,0.95,0.16
20240728015146,0.05,0.95,0.16
20240728015147,0.05,0.95,0.16
20240728015148,0.05,0.95,0.16
20240728015149,0.05,0.95,0.16
20240728015150,0.05,0.95,0.16
20240728015151,0.05,0.95,0.16
20240728015152,0.05,0.95,0.16
20240728015153,0.05,0.95,0.16
20240728015154,0.05,0.95,0.16
20240728015155,0.05,0.95,0.16
20240728015156,0.05,0.95,0.16
20240728015157,0.05,0.95,0.16
20240728015158,0.05,0.95,0.16
20240728015159,0.05,0.95,0.16
20240728015200,0.05,0.95,0.16
20240728015201,0.05,0.95,0.16
20240728015202,0.05,0.95,0.16
20240728015203,0.05,0.95,0.16
20240728015204,0.05,0.95,0.15
20240728015205,0.05,0.95,0.16
20240728015206,0.05,0.95,0.16
20240728015207,0.05,0.95,0.16
20240728015208,0.05,0.95,0.15
20240728015209,0.05,0.95,0.16
20240728015210,0.05,0.95,0.15
20240728015211,0.05,0.95,0.16
20240728015212,0.05,0.95,0.16
20240728015213,0.05,0.95,0.16
20240728015214,0.05,0.95,0.16
20240728015215,0.05,0.95,0.16
20240728015216,0.05,0.95,0.16
20240728015217,0.05,0.95,0.16
20240728015218,0.05,0.95,0.15
20240728015219,0.05,0.95,0.16
20240728015220,0.05,0.95,0.15
20240728015221,0.05,0.95,0.16
20240728015222,0.05,0.95,0.16
20240728015223,0.05,0.95,0.16
20240728015224,0.05,0.95,0.15
20240728015225,0.05,0.95,0.15
20240728015226,0.05,0.95,0.16
20240728015227,0.05,0.95,0.15
20240728015228,0.05,0.95,0.16
20240728015229,0.05,0.95,0.16
20240728015230,0.05,0.95,0.15
20240728015231,0.05,0.95,0.15
20240728015232,0.05,0.95,0.16
20240728015233,0.05,0.95,0.15
20240728015234,0.05,0.95,0.16
20240728015235,0.05,0.95,0.16
20240728015236,0.05,0.95,0.15
20240728015237,0.05,0.95,0.15
20240728015238,0.05,0.95,0.15
20240728015239,0.05,0.95,0.15
20240728015240,0.05,0.95,0.16
20240728015241,0.05,0.95,0.15
20240728015242,0.05,0.95,0.15
20240728015243,0.05,0.95,0.15
20240728015244,0.05,0.95,0.16
20240728015245,0.05,0.95,0.16
20240728015246,0.05,0.95,0.15
20240728015247,0.05,0.95,0.15
20240728015248,0.05,0.95,0.15
20240728015249,0.05,0.95,0.15
20240728015250,0.05,0.95,0.15
20240728015251,0.05,0.95,0.15
20240728015252,0.05,0.95,0.15
20240728015253,0.05,0.95,0.15
20240728015254,0.05,0.95,0.15
20240728015255,0.05,0.95,0.15
20240728015256,0.05,0.95,0.15
20240728015257,0.05,0.95,0.15
20240728015258,0.05,0.95,0.15
20240728015259,0.05,0.95,0.15
20240728015300,0.05,0.95,0.15
20240728015301,0.05,0.95,0.15
20240728015302,0.05,0.95,0.15
20240728015303,0.05,0.95,0.15
20240728015304,0.05,0.95,0.15
20240728015305,0.05,0.95,0.15
20240728015306,0.05,0.95,0.15
20240728015307,0.05,0.95,0.15
20240728015308,0.05,0.95,0.15
20240728015309,0.05,0.95,0.15
20240728015310,0.05,0.95,0.16
20240728015311,0.05,0.95,0.15
20240728015312,0.05,0.95,0.15
20240728015313,0.05,0.95,0.15
20240728015314,0.05,0.95,0.15
20240728015315,0.05,0.95,0.15
20240728015316,0.05,0.95,0.15
20240728015317,0.05,0.95,0.15
20240728015318,0.05,0.95,0.15
20240728015319,0.05,0.95,0.15
20240728015320,0.05,0.95,0.15
20240728015321,0.05,0.95,0.15
20240728015322,0.05,0.95,0.15
20240728015323,0.05,0.95,0.15
20240728015324,0.05,0.95,0.15
20240728015325,0.05,0.95,0.15
20240728015326,0.05,0.95,0.15
20240728015327,0.05,0.95,0.15
20240728015328,0.05,0.95,0.15
20240728015329,0.05,0.95,0.15
20240728015330,0.05,0.95,0.15
20240728015331,0.05,0.95,0.15
20240728015332,0.05,0.95,0.15
20240728015333,0.05,0.95,0.15
20240728015334,0.05,0.95,0.15
20240728015335,0.05,0.95,0.16
20240728015336,0.05,0.95,0.16
20240728015337,0.05,0.95,0.16
20240728015338,0.05,0.95,0.13
20240728015339,0.05,0.95,0.14
20240728015340,0.05,0.95,0.14
20240728015341,0.05,0.95,0.14
20240728015342,0.05,0.95,0.14
20240728015343,0.05,0.93,0.22
20240728015344,0.05,0.94,0.22
20240728015345,0.05,0.94,0.23
20240728015346,0.05,0.93,0.23
20240728015347,0.05,0.94,0.22
20240728015348,0.05,0.94,0.22
20240728015349,0.05,0.94,0.22
20240728015350,0.05,0.94,0.22
20240728015351,0.05,0.94,0.22
20240728015352,0.05,0.94,0.21
20240728015353,0.05,0.94,0.21
20240728015354,0.05,0.94,0.21
20240728015355,0.05,0.94,0.21
20240728015356,0.05,0.95,0.19
20240728015357,0.05,0.94,0.20
20240728015358,0.05,0.94,0.20
20240728015359,0.05,0.94,0.20
20240728015400,0.05,0.94,0.20
20240728015401,0.05,0.94,0.20
20240728015402,0.05,0.94,0.20
20240728015403,0.05,0.94,0.20
20240728015404,0.05,0.94,0.20
20240728015405,0.05,0.94,0.20
20240728015406,0.05,0.94,0.20
20240728015407,0.05,0.94,0.20
20240728015408,0.05,0.94,0.20
20240728015409,0.05,0.94,0.20
20240728015410,0.05,0.94,0.20
20240728015411,0.05,0.94,0.21
20240728015412,0.05,0.94,0.21
20240728015413,0.05,0.94,0.20
20240728015414,0.05,0.94,0.21
20240728015415,0.05,0.94,0.21
20240728015416,0.05,0.94,0.20
20240728015417,0.05,0.94,0.20
20240728015418,0.05,0.94,0.20
20240728015419,0.05,0.93,0.21
20240728015420,0.05,0.94,0.21
20240728015421,0.05,0.93,0.22
20240728015422,0.05,0.93,0.23
20240728015423,0.05,0.94,0.23
20240728015424,0.05,0.94,0.23
20240728015425,0.05,0.94,0.23
20240728015426,0.05,0.93,0.24
20240728015427,0.05,0.93,0.23
20240728015428,0.05,0.94,0.22
20240728015429,0.05,0.93,0.24
20240728015430,0.05,0.94,0.22
20240728015431,0.05,0.94,0.23
20240728015432,0.05,0.93,0.23
20240728015433,0.05,0.94,0.22
20240728015434,0.05,0.94,0.22
20240728015435,0.05,0.94,0.23
20240728015436,0.05,0.93,0.23
20240728015437,0.05,0.94,0.22
20240728015438,0.05,0.94,0.23
20240728015439,0.05,0.94,0.22
20240728015440,0.05,0.94,0.22
20240728015441,0.05,0.94,0.23
20240728015442,0.05,0.93,0.23
20240728015443,0.05,0.93,0.23
20240728015444,0.05,0.93,0.23
20240728015445,0.05,0.93,0.23
20240728015446,0.05,0.95,0.14
20240728015447,0.05,0.94,0.17
20240728015448,0.05,0.94,0.19
20240728015449,0.05,0.94,0.17
20240728015450,0.05,0.95,0.16
20240728015451,0.05,0.94,0.16
20240728015452,0.05,0.95,0.16
20240728015453,0.05,0.95,0.16
20240728015454,0.05,0.95,0.17
20240728015455,0.05,0.95,0.16
20240728015456,0.05,0.95,0.16
20240728015457,0.05,0.95,0.15
20240728015458,0.05,0.95,0.19
20240728015459,0.05,0.94,0.21
20240728015500,0.05,0.94,0.22
20240728015501,0.05,0.93,0.23
20240728015502,0.05,0.93,0.24
20240728015503,0.05,0.93,0.24
20240728015504,0.05,0.93,0.23
20240728015505,0.05,0.93,0.22
20240728015506,0.05,0.93,0.22
20240728015507,0.05,0.94,0.19
20240728015508,0.05,0.93,0.23
20240728015509,0.05,0.94,0.22
20240728015510,0.05,0.93,0.24
20240728015511,0.05,0.94,0.23
20240728015512,0.05,0.93,0.23
20240728015513,0.05,0.93,0.26
20240728015514,0.05,0.93,0.24
20240728015515,0.05,0.93,0.24
20240728015516,0.05,0.93,0.24
20240728015517,0.05,0.93,0.24
20240728015518,0.05,0.93,0.24
20240728015519,0.05,0.94,0.20
20240728015520,0.05,0.95,0.16
20240728015521,0.05,0.94,0.18
20240728015522,0.05,0.94,0.18
20240728015523,0.05,0.94,0.19
20240728015524,0.05,0.94,0.19
20240728015525,0.05,0.94,0.19
20240728015526,0.05,0.94,0.19
20240728015527,0.05,0.94,0.18
20240728015528,0.05,0.94,0.19
20240728015529,0.05,0.94,0.19
20240728015530,0.05,0.94,0.18
20240728015531,0.05,0.94,0.18
20240728015532,0.05,0.94,0.19
20240728015533,0.05,0.94,0.20
20240728015534,0.05,0.95,0.15
20240728015535,0.05,0.94,0.20
20240728015536,0.05,0.94,0.19
20240728015537,0.05,0.94,0.20
20240728015538,0.05,0.94,0.20
20240728015539,0.05,0.94,0.19
20240728015540,0.05,0.94,0.19
20240728015541,0.05,0.94,0.19
20240728015542,0.05,0.94,0.19
20240728015543,0.05,0.94,0.20
20240728015544,0.05,0.94,0.19
20240728015545,0.05,0.94,0.19
20240728015546,0.05,0.94,0.19
20240728015547,0.05,0.94,0.19
20240728015548,0.05,0.94,0.19
20240728015549,0.05,0.94,0.19
20240728015550,0.05,0.94,0.19
20240728015551,0.05,0.94,0.19
20240728015552,0.05,0.94,0.19
20240728015553,0.05,0.94,0.20
20240728015554,0.05,0.94,0.19
20240728015555,0.05,0.94,0.20
20240728015556,0.05,0.94,0.20
20240728015557,0.05,0.94,0.19
20240728015558,0.05,0.94,0.19
20240728015559,0.05,0.95,0.14
20240728015600,0.05,0.95,0.16
20240728015601,0.05,0.95,0.17
20240728015602,0.05,0.94,0.19
20240728015603,0.05,0.94,0.18
20240728015604,0.05,0.94,0.18
20240728015605,0.05,0.94,0.19
20240728015606,0.05,0.94,0.18
20240728015607,0.05,0.95,0.17
20240728015608,0.05,0.94,0.18
20240728015609,0.05,0.95,0.17
20240728015610,0.05,0.94,0.18
20240728015611,0.05,0.94,0.18
20240728015612,0.05,0.94,0.18
20240728015613,0.05,0.94,0.18
20240728015614,0.05,0.94,0.18
20240728015615,0.05,0.94,0.19
20240728015616,0.05,0.94,0.19
20240728015617,0.05,0.94,0.18
20240728015618,0.05,0.94,0.19
20240728015619,0.05,0.94,0.18
20240728015620,0.05,0.94,0.19
20240728015621,0.05,0.94,0.18
20240728015622,0.05,0.94,0.19
20240728015623,0.05,0.94,0.18
20240728015624,0.05,0.94,0.18
20240728015625,0.05,0.94,0.19
20240728015626,0.05,0.94,0.18
20240728015627,0.05,0.94,0.18
20240728015628,0.05,0.94,0.18
20240728015629,0.05,0.94,0.18
20240728015631,0.05,0.94,0.18
20240728015632,0.05,0.94,0.18
20240728015633,0.05,0.95,0.16
20240728015634,0.05,0.95,0.16
20240728015635,0.05,0.95,0.16
20240728015636,0.05,0.95,0.16
20240728015637,0.05,0.95,0.16
20240728015638,0.05,0.95,0.16
20240728015639,0.05,0.95,0.16
20240728015640,0.05,0.95,0.16
20240728015641,0.05,0.95,0.16
20240728015642,0.05,0.95,0.16
20240728015643,0.05,0.95,0.16
20240728015644,0.05,0.95,0.16
20240728015645,0.05,0.95,0.16
20240728015646,0.05,0.94,0.17
20240728015647,0.05,0.95,0.16
20240728015648,0.05,0.95,0.16
20240728015649,0.05,0.95,0.16
20240728015650,0.05,0.95,0.16
20240728015651,0.05,0.95,0.15
20240728015652,0.05,0.95,0.16
20240728015653,0.05,0.95,0.16
20240728015654,0.05,0.94,0.20
20240728015655,0.05,0.95,0.15
20240728015656,0.05,0.95,0.16
20240728015657,0.05,0.95,0.16
20240728015658,0.05,0.95,0.16
20240728015659,0.05,0.95,0.16
20240728015700,0.05,0.95,0.16
20240728015701,0.04,0.95,0.16
20240728015702,0.05,0.94,0.21
20240728015703,0.05,0.94,0.20
20240728015704,0.05,0.94,0.20
20240728015705,0.05,0.95,0.12
20240728015706,0.05,0.95,0.15
20240728015707,0.05,0.94,0.19
20240728015708,0.05,0.94,0.20
20240728015709,0.05,0.94,0.20
20240728015710,0.05,0.94,0.20
20240728015711,0.05,0.94,0.20
20240728015712,0.05,0.94,0.20
20240728015713,0.05,0.94,0.20
20240728015714,0.05,0.94,0.20
20240728015715,0.05,0.94,0.20
20240728015716,0.05,0.94,0.20
20240728015717,0.05,0.94,0.19
20240728015718,0.05,0.94,0.20
20240728015719,0.06,0.95,0.17
20240728015720,0.06,0.94,0.17
20240728015721,0.05,0.95,0.17
20240728015722,0.05,0.95,0.17
20240728015723,0.05,0.95,0.16
20240728015724,0.05,0.95,0.16
20240728015725,0.05,0.95,0.16
20240728015726,0.05,0.95,0.16
20240728015727,0.05,0.95,0.17
20240728015728,0.05,0.95,0.16
20240728015729,0.05,0.95,0.14
20240728015730,0.05,0.94,0.19
20240728015731,0.05,0.94,0.19
20240728015732,0.05,0.94,0.19
20240728015733,0.05,0.94,0.19
20240728015734,0.05,0.94,0.19
20240728015735,0.05,0.94,0.19
20240728015736,0.05,0.94,0.19
20240728015737,0.05,0.94,0.19
20240728015738,0.05,0.94,0.19
20240728015739,0.05,0.94,0.19
20240728015740,0.05,0.94,0.19
20240728015741,0.05,0.94,0.19
20240728015742,0.05,0.94,0.19
20240728015743,0.05,0.94,0.19
20240728015744,0.05,0.94,0.19
20240728015745,0.05,0.94,0.19
20240728015746,0.05,0.94,0.19
20240728015747,0.05,0.94,0.18
20240728015748,0.05,0.94,0.18
20240728015749,0.05,0.94,0.19
20240728015750,0.05,0.94,0.19
20240728015751,0.05,0.94,0.19
20240728015752,0.05,0.94,0.19
20240728015753,0.05,0.94,0.19
20240728015754,0.06,0.94,0.19
20240728015755,0.05,0.94,0.19
20240728015756,0.05,0.94,0.19
20240728015757,0.06,0.94,0.19
20240728015758,0.05,0.94,0.19
20240728015759,0.05,0.94,0.19
20240728015800,0.05,0.94,0.19
20240728015801,0.05,0.94,0.18
20240728015802,0.05,0.94,0.19
20240728015803,0.05,0.94,0.19
20240728015804,0.05,0.94,0.19
20240728015805,0.05,0.94,0.19
20240728015806,0.05,0.94,0.18
20240728015807,0.05,0.94,0.19
20240728015808,0.05,0.94,0.19
20240728015809,0.05,0.94,0.19
20240728015810,0.05,0.94,0.20
20240728015811,0.05,0.94,0.19
20240728015812,0.05,0.94,0.19
20240728015813,0.05,0.94,0.19
20240728015814,0.05,0.94,0.19
20240728015815,0.05,0.94,0.19
20240728015816,0.05,0.94,0.19
20240728015817,0.05,0.94,0.19
20240728015818,0.05,0.94,0.19
20240728015819,0.05,0.94,0.19
20240728015820,0.05,0.93,0.21
20240728015821,0.05,0.94,0.19
20240728015822,0.05,0.94,0.18
20240728015823,0.05,0.94,0.19
20240728015824,0.05,0.94,0.22
20240728015825,0.05,0.94,0.19
20240728015826,0.05,0.94,0.19
20240728015827,0.05,0.95,0.16
20240728015828,0.05,0.94,0.19
20240728015829,0.05,0.94,0.19
20240728015830,0.05,0.94,0.18
20240728015831,0.05,0.94,0.19
20240728015832,0.05,0.94,0.19
20240728015833,0.05,0.94,0.17
20240728015834,0.05,0.94,0.19
20240728015835,0.05,0.94,0.19
20240728015836,0.05,0.94,0.19
20240728015837,0.05,0.94,0.19
20240728015838,0.05,0.94,0.19
20240728015839,0.05,0.95,0.17
20240728015840,0.05,0.93,0.24
20240728015841,0.05,0.92,0.29
20240728015842,0.04,0.90,0.36
20240728015843,0.05,0.89,0.37
20240728015844,0.05,0.90,0.35
20240728015845,0.05,0.91,0.34
20240728015846,0.04,0.89,0.39
20240728015847,0.05,0.94,0.18
20240728015848,0.06,0.94,0.19
20240728015849,0.05,0.94,0.19
20240728015850,0.06,0.94,0.18
20240728015851,0.05,0.94,0.19
20240728015852,0.05,0.94,0.19
20240728015853,0.05,0.94,0.19
20240728015854,0.05,0.94,0.19
20240728015855,0.05,0.94,0.19
20240728015856,0.06,0.94,0.19
20240728015857,0.06,0.94,0.18
20240728015858,0.05,0.94,0.19
20240728015859,0.06,0.94,0.18
20240728015900,0.05,0.95,0.17
20240728015901,0.05,0.95,0.16
20240728015902,0.05,0.95,0.14
20240728015903,0.05,0.94,0.16
20240728015904,0.04,0.95,0.16
20240728015905,0.06,0.95,0.12
20240728015906,0.05,0.93,0.22
20240728015907,0.05,0.91,0.31
20240728015908,0.05,0.91,0.33
20240728015909,0.05,0.91,0.32
20240728015910,0.05,0.90,0.33
20240728015911,0.05,0.90,0.34
20240728015912,0.05,0.90,0.34
20240728015913,0.05,0.91,0.32
20240728015914,0.06,0.93,0.26
20240728015915,0.05,0.90,0.34
20240728015916,0.05,0.90,0.35
20240728015917,0.05,0.91,0.33
20240728015918,0.05,0.91,0.32
20240728015919,0.05,0.92,0.30
20240728015920,0.05,0.91,0.32
20240728015921,0.05,0.91,0.31
20240728015922,0.05,0.91,0.33
20240728015923,0.05,0.90,0.34
20240728015924,0.05,0.90,0.34
20240728015925,0.05,0.91,0.34
20240728015926,0.06,0.91,0.32
20240728015927,0.05,0.90,0.34
20240728015928,0.05,0.91,0.30
20240728015929,0.05,0.92,0.28
20240728015930,0.05,0.92,0.29
20240728015931,0.05,0.91,0.31
20240728015932,0.11,0.94,0.22
20240728015933,0.05,0.94,0.22
20240728015934,0.05,0.89,0.38
20240728015935,0.05,0.88,0.41
20240728015936,0.05,0.89,0.37
20240728015937,0.04,0.87,0.43
20240728015938,0.04,0.88,0.42
20240728015939,0.05,0.89,0.38
20240728015940,0.05,0.94,0.19
20240728015941,0.05,0.94,0.20
20240728015942,0.05,0.94,0.19
20240728015943,0.04,0.87,0.44
20240728015944,0.04,0.81,0.54
20240728015945,0.04,0.81,0.54
20240728015946,0.04,0.82,0.53
20240728015947,0.04,0.82,0.52
20240728015948,0.04,0.82,0.53
20240728015949,0.04,0.82,0.52
20240728015950,0.04,0.81,0.54
20240728015951,0.04,0.82,0.53
20240728015952,0.04,0.81,0.54
20240728015953,0.04,0.81,0.55
20240728015954,0.04,0.81,0.55
20240728015955,0.04,0.81,0.55
20240728015956,0.04,0.81,0.55
20240728015957,0.10,0.84,0.51
20240728015958,0.04,0.84,0.49
20240728015959,0.04,0.84,0.49
20240728020000,0.04,0.84,0.49
20240728020001,0.06,0.94,0.19
20240728020002,0.05,0.94,0.21
20240728020003,0.05,0.94,0.19
20240728020004,0.05,0.94,0.19
20240728020005,0.05,0.94,0.19
20240728020006,0.05,0.94,0.19
20240728020007,0.05,0.94,0.19
20240728020008,0.06,0.94,0.18
20240728020009,0.05,0.94,0.19
20240728020010,0.05,0.94,0.19
20240728020011,0.05,0.94,0.19
20240728020012,0.05,0.94,0.19
20240728020013,0.05,0.94,0.19
20240728020014,0.05,0.94,0.19
20240728020015,0.05,0.94,0.19
20240728020016,0.05,0.94,0.19
20240728020017,0.05,0.94,0.19
20240728020018,0.05,0.94,0.19
20240728020019,0.05,0.94,0.19
20240728020020,0.05,0.94,0.19
20240728020021,0.05,0.94,0.19
20240728020022,0.05,0.94,0.19
20240728020023,0.05,0.94,0.19
20240728020024,0.05,0.94,0.19
20240728020025,0.05,0.94,0.19
20240728020026,0.05,0.94,0.19
20240728020027,0.05,0.94,0.19
20240728020028,0.05,0.94,0.19
20240728020029,0.05,0.94,0.19
20240728020030,0.05,0.94,0.19
20240728020031,0.05,0.94,0.19
20240728020032,0.05,0.94,0.19
20240728020033,0.05,0.94,0.19
20240728020034,0.05,0.95,0.17
20240728020035,0.04,0.94,0.19
20240728020036,0.05,0.94,0.19
20240728020037,0.04,0.90,0.36
20240728020038,0.04,0.90,0.36
20240728020039,0.04,0.88,0.41
20240728020040,0.04,0.88,0.40
20240728020041,0.04,0.90,0.37
20240728020042,0.04,0.87,0.42
20240728020043,0.04,0.87,0.42
20240728020044,0.04,0.88,0.41
20240728020045,0.04,0.88,0.41
20240728020046,0.04,0.89,0.39
20240728020047,0.04,0.88,0.42
20240728020048,0.04,0.87,0.42
20240728020049,0.04,0.90,0.37
20240728020050,0.04,0.87,0.42
20240728020051,0.04,0.88,0.40
20240728020052,0.04,0.86,0.44
20240728020053,0.04,0.86,0.44
20240728020054,0.05,0.94,0.19
20240728020055,0.05,0.94,0.23
20240728020056,0.05,0.93,0.24
20240728020057,0.05,0.94,0.22
20240728020058,0.05,0.94,0.22
20240728020059,0.05,0.94,0.22
20240728020100,0.05,0.94,0.21
20240728020101,0.05,0.94,0.23
20240728020102,0.05,0.94,0.23
20240728020103,0.05,0.94,0.22
20240728020104,0.05,0.94,0.22
20240728020105,0.05,0.94,0.21
20240728020106,0.05,0.94,0.20
20240728020107,0.05,0.94,0.21
20240728020108,0.05,0.94,0.19
20240728020109,0.06,0.96,0.11
20240728020110,0.05,0.94,0.19
20240728020111,0.05,0.94,0.21
20240728020112,0.05,0.94,0.22
20240728020113,0.05,0.94,0.20
20240728020114,0.05,0.94,0.20
20240728020115,0.05,0.94,0.18
20240728020116,0.05,0.94,0.19
20240728020117,0.05,0.94,0.19
20240728020119,0.05,0.94,0.19
20240728020120,0.05,0.94,0.19
20240728020121,0.05,0.94,0.19
20240728020122,0.05,0.94,0.19
20240728020123,0.05,0.94,0.19
20240728020124,0.05,0.94,0.19
20240728020125,0.05,0.94,0.19
20240728020126,0.05,0.94,0.19
20240728020127,0.05,0.94,0.19
20240728020128,0.05,0.94,0.19
20240728020129,0.05,0.94,0.19
20240728020130,0.05,0.94,0.20
20240728020131,0.05,0.94,0.20
20240728020132,0.05,0.94,0.19
20240728020133,0.05,0.94,0.19
20240728020134,0.05,0.94,0.18
20240728020135,0.05,0.94,0.19
20240728020136,0.05,0.94,0.19
20240728020137,0.05,0.94,0.18
20240728020138,0.05,0.94,0.19
20240728020139,0.05,0.94,0.18
20240728020140,0.05,0.94,0.18
20240728020141,0.05,0.94,0.18
20240728020142,0.05,0.94,0.18
20240728020143,0.05,0.94,0.18
20240728020144,0.05,0.94,0.19
20240728020145,0.05,0.94,0.19
20240728020146,0.05,0.94,0.18
20240728020147,0.05,0.94,0.18
20240728020148,0.05,0.94,0.19
20240728020149,0.05,0.94,0.18
20240728020150,0.05,0.94,0.18
20240728020151,0.05,0.94,0.19
20240728020152,0.05,0.94,0.19
20240728020153,0.08,0.94,0.15
20240728020154,0.05,0.95,0.17
20240728020155,0.05,0.94,0.18
20240728020156,0.05,0.94,0.18
20240728020157,0.05,0.94,0.18
20240728020158,0.05,0.94,0.18
20240728020159,0.05,0.93,0.19
20240728020200,0.05,0.94,0.21
20240728020201,0.05,0.95,0.17
20240728020202,0.05,0.94,0.20
20240728020203,0.05,0.94,0.20
20240728020204,0.05,0.94,0.18
20240728020205,0.05,0.94,0.18
20240728020206,0.05,0.94,0.18
20240728020207,0.05,0.94,0.18
20240728020208,0.05,0.95,0.18
20240728020209,0.05,0.94,0.18
20240728020210,0.05,0.94,0.18
20240728020211,0.05,0.94,0.18
20240728020212,0.05,0.94,0.18
20240728020213,0.05,0.94,0.18
20240728020214,0.05,0.95,0.17
20240728020215,0.05,0.94,0.20
20240728020216,0.05,0.94,0.18
20240728020217,0.05,0.95,0.17
20240728020218,0.05,0.95,0.17
20240728020219,0.05,0.94,0.19
20240728020220,0.05,0.94,0.18
20240728020221,0.05,0.95,0.17
20240728020222,0.05,0.94,0.18
20240728020223,0.05,0.95,0.17
20240728020224,0.05,0.94,0.18
20240728020225,0.05,0.95,0.17
20240728020226,0.05,0.94,0.18
20240728020227,0.05,0.94,0.17
20240728020228,0.05,0.95,0.17
20240728020229,0.05,0.94,0.18
20240728020230,0.05,0.94,0.18
20240728020231,0.05,0.95,0.17
20240728020232,0.05,0.94,0.17
20240728020233,0.05,0.94,0.19
20240728020234,0.05,0.94,0.18
20240728020235,0.05,0.94,0.18
20240728020236,0.05,0.95,0.16
20240728020237,0.05,0.94,0.17
20240728020238,0.05,0.95,0.17
20240728020239,0.05,0.94,0.18
20240728020240,0.05,0.94,0.18
20240728020241,0.05,0.95,0.17
20240728020242,0.05,0.95,0.17
20240728020243,0.05,0.94,0.17
20240728020244,0.05,0.94,0.19
20240728020245,0.05,0.94,0.19
20240728020246,0.05,0.94,0.19
20240728020247,0.05,0.94,0.19
20240728020248,0.05,0.94,0.19
20240728020249,0.05,0.94,0.19
20240728020250,0.05,0.94,0.19
20240728020251,0.05,0.94,0.19
20240728020252,0.05,0.94,0.19
20240728020253,0.05,0.94,0.19
20240728020254,0.05,0.94,0.19
20240728020255,0.05,0.94,0.19
20240728020256,0.05,0.94,0.19
20240728020257,0.05,0.94,0.19
20240728020258,0.05,0.94,0.19
20240728020259,0.05,0.94,0.20
20240728020300,0.06,0.94,0.20
20240728020301,0.05,0.94,0.19
20240728020302,0.05,0.94,0.19
20240728020303,0.05,0.94,0.19
20240728020304,0.05,0.94,0.19
20240728020305,0.05,0.94,0.20
20240728020306,0.05,0.94,0.20
20240728020307,0.05,0.94,0.20
20240728020308,0.05,0.94,0.19
20240728020309,0.05,0.94,0.19
20240728020310,0.05,0.94,0.19
20240728020311,0.05,0.94,0.19
20240728020312,0.05,0.94,0.19
20240728020313,0.05,0.94,0.19
20240728020314,0.05,0.94,0.19
20240728020315,0.05,0.94,0.19
20240728020316,0.05,0.94,0.19
20240728020317,0.05,0.94,0.19
20240728020318,0.05,0.94,0.20
20240728020319,0.05,0.94,0.19
20240728020320,0.05,0.94,0.19
20240728020321,0.05,0.94,0.19
20240728020322,0.05,0.94,0.19
20240728020323,0.05,0.94,0.19
20240728020324,0.05,0.94,0.19
20240728020325,0.05,0.94,0.19
20240728020326,0.05,0.94,0.19
20240728020327,0.05,0.94,0.19
20240728020328,0.05,0.94,0.19
20240728020329,0.05,0.94,0.19
20240728020330,0.05,0.94,0.19
20240728020331,0.05,0.94,0.19
20240728020332,0.05,0.94,0.19
20240728020333,0.05,0.94,0.19
20240728020334,0.05,0.94,0.19
20240728020335,0.05,0.94,0.19
20240728020336,0.05,0.94,0.19
20240728020337,0.05,0.94,0.19
20240728020338,0.05,0.94,0.19
20240728020339,0.05,0.94,0.19
20240728020340,0.05,0.94,0.19
20240728020341,0.05,0.94,0.19
20240728020342,0.05,0.94,0.19
20240728020343,0.05,0.94,0.19
20240728020344,0.04,0.93,0.23
20240728020345,0.05,0.94,0.19
20240728020346,0.05,0.94,0.19
20240728020347,0.05,0.94,0.19
20240728020348,0.05,0.94,0.19
20240728020349,0.05,0.94,0.19
20240728020350,0.05,0.94,0.19
20240728020351,0.05,0.94,0.19
20240728020352,0.05,0.94,0.19
20240728020353,0.05,0.94,0.19
20240728020354,0.05,0.94,0.19
20240728020355,0.05,0.94,0.19
20240728020356,0.05,0.94,0.19
20240728020357,0.05,0.94,0.19
20240728020358,0.05,0.94,0.19
20240728020359,0.05,0.94,0.19
20240728020400,0.05,0.94,0.19
20240728020401,0.05,0.94,0.19
20240728020402,0.05,0.94,0.19
20240728020403,0.05,0.94,0.19
20240728020404,0.05,0.94,0.19
20240728020405,0.05,0.94,0.19
20240728020406,0.05,0.94,0.19
20240728020407,0.05,0.94,0.19
20240728020408,0.05,0.94,0.19
20240728020409,0.05,0.94,0.19
20240728020410,0.05,0.94,0.18
20240728020411,0.05,0.94,0.19
20240728020412,0.05,0.94,0.19
20240728020413,0.05,0.94,0.19
20240728020414,0.05,0.94,0.19
20240728020415,0.05,0.94,0.19
20240728020416,0.05,0.94,0.19
20240728020417,0.05,0.94,0.19
20240728020418,0.05,0.94,0.19
20240728020419,0.05,0.94,0.19
20240728020420,0.05,0.94,0.19
20240728020421,0.05,0.94,0.19
20240728020422,0.05,0.94,0.19
20240728020423,0.05,0.94,0.19
20240728020424,0.05,0.94,0.19
20240728020425,0.05,0.94,0.19
20240728020426,0.05,0.94,0.19
20240728020427,0.05,0.94,0.19
20240728020428,0.05,0.94,0.19
20240728020429,0.05,0.94,0.19
20240728020430,0.05,0.94,0.19
20240728020431,0.05,0.94,0.19
20240728020432,0.05,0.94,0.19
20240728020433,0.05,0.94,0.19
20240728020434,0.05,0.94,0.19
20240728020435,0.05,0.94,0.19
20240728020436,0.05,0.94,0.19
20240728020437,0.05,0.94,0.19
20240728020438,0.05,0.94,0.19
